utc_datetime,bid_open,bid_high,bid_low,bid_close
2019-01-02 00:00:00+00:00,0.89931,0.89996,0.89833,0.89861
2019-01-03 00:00:00+00:00,0.89861,0.91103,0.89806,0.90381
2019-01-04 00:00:00+00:00,0.90381,0.90615,0.90093,0.90193
2019-01-05 00:00:00+00:00,0.90193,0.90279,0.89433,0.89493
2019-01-07 00:00:00+00:00,0.89527,0.89637,0.89521,0.89589
2019-01-08 00:00:00+00:00,0.89589,0.89886,0.89503,0.89777
2019-01-09 00:00:00+00:00,0.89777,0.90037,0.89467,0.89923
2019-01-10 00:00:00+00:00,0.89925,0.90385,0.89747,0.90249
2019-01-11 00:00:00+00:00,0.90245,0.90567,0.90119,0.90221
2019-01-12 00:00:00+00:00,0.9022,0.90593,0.89225,0.89229
2019-01-14 00:00:00+00:00,0.89139,0.892,0.89095,0.89189
2019-01-15 00:00:00+00:00,0.89189,0.89497,0.88737,0.89095
2019-01-16 00:00:00+00:00,0.89093,0.89835,0.88547,0.88671
2019-01-17 00:00:00+00:00,0.88671,0.88865,0.88379,0.88444
2019-01-18 00:00:00+00:00,0.88445,0.88677,0.87631,0.87717
2019-01-19 00:00:00+00:00,0.87717,0.8836,0.87705,0.88291
2019-01-21 00:00:00+00:00,0.88209,0.88425,0.88181,0.88405
2019-01-22 00:00:00+00:00,0.88406,0.88599,0.88051,0.88169
2019-01-23 00:00:00+00:00,0.8817,0.88259,0.87597,0.87679
2019-01-24 00:00:00+00:00,0.87679,0.87791,0.86979,0.87027
2019-01-25 00:00:00+00:00,0.87027,0.87225,0.86166,0.86219
2019-01-26 00:00:00+00:00,0.86221,0.8679,0.86177,0.86366
2019-01-28 00:00:00+00:00,0.86439,0.8647,0.86361,0.8638
2019-01-29 00:00:00+00:00,0.86381,0.86922,0.86373,0.86845
2019-01-30 00:00:00+00:00,0.86845,0.87554,0.86557,0.87417
2019-01-31 00:00:00+00:00,0.87415,0.87611,0.87139,0.87539
2019-02-01 00:00:00+00:00,0.87537,0.87641,0.87107,0.87305
2019-02-02 00:00:00+00:00,0.87307,0.87947,0.87263,0.87577
2019-02-04 00:00:00+00:00,0.87623,0.87663,0.87527,0.87566
2019-02-05 00:00:00+00:00,0.87566,0.87755,0.87245,0.87753
2019-02-06 00:00:00+00:00,0.87753,0.88191,0.87467,0.88027
2019-02-07 00:00:00+00:00,0.88025,0.88049,0.87722,0.87851
2019-02-08 00:00:00+00:00,0.87851,0.88123,0.87265,0.87535
2019-02-09 00:00:00+00:00,0.87535,0.87621,0.87417,0.87527
2019-02-11 00:00:00+00:00,0.87563,0.87563,0.87477,0.87507
2019-02-12 00:00:00+00:00,0.87507,0.87747,0.87447,0.87651
2019-02-13 00:00:00+00:00,0.87649,0.87897,0.8756,0.87893
2019-02-14 00:00:00+00:00,0.87893,0.87901,0.87421,0.87603
2019-02-15 00:00:00+00:00,0.87603,0.88373,0.87589,0.88239
2019-02-16 00:00:00+00:00,0.88237,0.88255,0.87521,0.87635
2019-02-18 00:00:00+00:00,0.87466,0.87515,0.87449,0.87501
2019-02-19 00:00:00+00:00,0.875,0.87653,0.87415,0.87503
2019-02-20 00:00:00+00:00,0.87503,0.87601,0.86717,0.86806
2019-02-21 00:00:00+00:00,0.86805,0.87119,0.86727,0.86956
2019-02-22 00:00:00+00:00,0.86957,0.87013,0.86645,0.86943
2019-02-23 00:00:00+00:00,0.86943,0.87257,0.86765,0.86815
2019-02-25 00:00:00+00:00,0.86717,0.86831,0.86715,0.86786
2019-02-26 00:00:00+00:00,0.86787,0.86969,0.86451,0.8657
2019-02-27 00:00:00+00:00,0.8657,0.86571,0.85623,0.85911
2019-02-28 00:00:00+00:00,0.85911,0.85937,0.85285,0.85431
2019-03-01 00:00:00+00:00,0.85431,0.85837,0.85411,0.85715
2019-03-02 00:00:00+00:00,0.85715,0.86203,0.85697,0.86061
2019-03-04 00:00:00+00:00,0.85905,0.85973,0.85859,0.85925
2019-03-05 00:00:00+00:00,0.85923,0.86061,0.85573,0.86005
2019-03-06 00:00:00+00:00,0.86007,0.86429,0.85757,0.85911
2019-03-07 00:00:00+00:00,0.85912,0.86165,0.85797,0.85825
2019-03-08 00:00:00+00:00,0.85825,0.86229,0.85349,0.85539
2019-03-09 00:00:00+00:00,0.85537,0.86519,0.85463,0.86309
2019-03-11 00:00:00+00:00,0.86473,0.86507,0.86431,0.86473
2019-03-12 00:00:00+00:00,0.86471,0.86731,0.84746,0.84997
2019-03-13 00:00:00+00:00,0.84997,0.86517,0.84985,0.86366
2019-03-14 00:00:00+00:00,0.86366,0.86374,0.84705,0.85249
2019-03-15 00:00:00+00:00,0.85249,0.85593,0.84983,0.85277
2019-03-16 00:00:00+00:00,0.85277,0.85721,0.85083,0.85181
2019-03-18 00:00:00+00:00,0.85158,0.85189,0.85097,0.85122
2019-03-19 00:00:00+00:00,0.85121,0.85921,0.85121,0.85455
2019-03-20 00:00:00+00:00,0.85455,0.85671,0.85331,0.85549
2019-03-21 00:00:00+00:00,0.8555,0.86637,0.85545,0.86539
2019-03-22 00:00:00+00:00,0.86541,0.87203,0.86366,0.86621
2019-03-23 00:00:00+00:00,0.86621,0.86687,0.85321,0.85563
2019-03-25 00:00:00+00:00,0.85494,0.85533,0.85461,0.85511
2019-03-26 00:00:00+00:00,0.85511,0.8596,0.85455,0.85635
2019-03-27 00:00:00+00:00,0.85635,0.85933,0.85175,0.85337
2019-03-28 00:00:00+00:00,0.85339,0.85573,0.84831,0.85525
2019-03-29 00:00:00+00:00,0.85529,0.86065,0.85269,0.86001
2019-03-30 00:00:00+00:00,0.86001,0.86471,0.85495,0.86123
2019-04-01 00:00:00+00:00,0.86106,0.86193,0.86094,0.86177
2019-04-02 00:00:00+00:00,0.86177,0.86241,0.85245,0.85719
2019-04-03 00:00:00+00:00,0.85719,0.86053,0.85186,0.85322
2019-04-04 00:00:00+00:00,0.85322,0.85571,0.85009,0.85335
2019-04-05 00:00:00+00:00,0.85333,0.85905,0.85179,0.85835
2019-04-06 00:00:00+00:00,0.85835,0.86345,0.85563,0.86061
2019-04-08 00:00:00+00:00,0.86046,0.86064,0.86021,0.86033
2019-04-09 00:00:00+00:00,0.86033,0.86427,0.85899,0.86166
2019-04-10 00:00:00+00:00,0.86166,0.86491,0.85929,0.86267
2019-04-11 00:00:00+00:00,0.86265,0.86299,0.85825,0.86085
2019-04-12 00:00:00+00:00,0.86085,0.86321,0.86043,0.86227
2019-04-13 00:00:00+00:00,0.86225,0.86543,0.86199,0.8637
2019-04-15 00:00:00+00:00,0.86429,0.86435,0.86383,0.86383
2019-04-16 00:00:00+00:00,0.86383,0.86467,0.8618,0.86275
2019-04-17 00:00:00+00:00,0.86279,0.86571,0.86249,0.86485
2019-04-18 00:00:00+00:00,0.86485,0.8679,0.86483,0.86639
2019-04-19 00:00:00+00:00,0.86451,0.86503,0.86437,0.86469
2019-04-20 00:00:00+00:00,0.86467,0.86533,0.86423,0.86496
2019-04-22 00:00:00+00:00,0.86532,0.86548,0.86493,0.86519
2019-04-23 00:00:00+00:00,0.86519,0.86737,0.86465,0.86703
2019-04-24 00:00:00+00:00,0.86705,0.86784,0.86353,0.86735
2019-04-25 00:00:00+00:00,0.86737,0.86757,0.86299,0.86431
2019-04-26 00:00:00+00:00,0.86431,0.86517,0.86261,0.86332
2019-04-27 00:00:00+00:00,0.86332,0.86365,0.86217,0.86251
2019-04-29 00:00:00+00:00,0.86279,0.86287,0.86256,0.86267
2019-04-30 00:00:00+00:00,0.86267,0.86499,0.86201,0.86461
2019-05-01 00:00:00+00:00,0.86459,0.86477,0.85897,0.86003
2019-05-02 00:00:00+00:00,0.86005,0.86056,0.8577,0.85811
2019-05-03 00:00:00+00:00,0.85811,0.85963,0.85642,0.85723
2019-05-04 00:00:00+00:00,0.85723,0.85895,0.84965,0.85053
2019-05-06 00:00:00+00:00,0.84958,0.85056,0.84927,0.85035
2019-05-07 00:00:00+00:00,0.85035,0.85541,0.85035,0.85505
2019-05-08 00:00:00+00:00,0.85505,0.85785,0.85374,0.85601
2019-05-09 00:00:00+00:00,0.85601,0.86211,0.85589,0.86059
2019-05-10 00:00:00+00:00,0.86057,0.86456,0.85965,0.86209
2019-05-11 00:00:00+00:00,0.86211,0.86369,0.86187,0.86329
2019-05-13 00:00:00+00:00,0.86368,0.86384,0.86337,0.8635
2019-05-14 00:00:00+00:00,0.8635,0.8678,0.86237,0.86629
2019-05-15 00:00:00+00:00,0.86627,0.86891,0.86613,0.86796
2019-05-16 00:00:00+00:00,0.86797,0.87345,0.86681,0.87209
2019-05-17 00:00:00+00:00,0.87209,0.87463,0.87196,0.87305
2019-05-18 00:00:00+00:00,0.87305,0.87761,0.87291,0.87705
2019-05-20 00:00:00+00:00,0.87648,0.87719,0.87648,0.87683
2019-05-21 00:00:00+00:00,0.87683,0.87817,0.87489,0.87731
2019-05-22 00:00:00+00:00,0.87732,0.87869,0.87223,0.87841
2019-05-23 00:00:00+00:00,0.87841,0.88371,0.87715,0.88063
2019-05-24 00:00:00+00:00,0.88063,0.88367,0.87895,0.8831
2019-05-25 00:00:00+00:00,0.8831,0.88485,0.88013,0.88155
2019-05-27 00:00:00+00:00,0.88106,0.88121,0.88059,0.88083
2019-05-28 00:00:00+00:00,0.88077,0.88327,0.87897,0.88243
2019-05-29 00:00:00+00:00,0.88241,0.8839,0.88053,0.88199
2019-05-30 00:00:00+00:00,0.88197,0.88299,0.87976,0.88157
2019-05-31 00:00:00+00:00,0.88157,0.88381,0.88075,0.88257
2019-06-01 00:00:00+00:00,0.88257,0.88717,0.8821,0.88347
2019-06-03 00:00:00+00:00,0.88363,0.88407,0.88348,0.88379
2019-06-04 00:00:00+00:00,0.88379,0.88851,0.88237,0.88776
2019-06-05 00:00:00+00:00,0.88775,0.88991,0.88515,0.88583
2019-06-06 00:00:00+00:00,0.88583,0.88757,0.88413,0.88471
2019-06-07 00:00:00+00:00,0.88471,0.88883,0.883,0.88803
2019-06-08 00:00:00+00:00,0.88803,0.88986,0.88489,0.88967
2019-06-10 00:00:00+00:00,0.88946,0.88967,0.88937,0.88955
2019-06-11 00:00:00+00:00,0.88955,0.89271,0.88799,0.89157
2019-06-12 00:00:00+00:00,0.89157,0.89297,0.88905,0.89021
2019-06-13 00:00:00+00:00,0.89021,0.89133,0.88713,0.88942
2019-06-14 00:00:00+00:00,0.88942,0.8917,0.8877,0.88932
2019-06-15 00:00:00+00:00,0.88933,0.89151,0.88901,0.89049
2019-06-17 00:00:00+00:00,0.8903,0.89057,0.89019,0.89041
2019-06-18 00:00:00+00:00,0.89031,0.895,0.89029,0.89475
2019-06-19 00:00:00+00:00,0.89475,0.89721,0.89075,0.89107
2019-06-20 00:00:00+00:00,0.89105,0.89243,0.88649,0.88781
2019-06-21 00:00:00+00:00,0.88783,0.89215,0.88721,0.88854
2019-06-22 00:00:00+00:00,0.88854,0.89429,0.88844,0.89233
2019-06-24 00:00:00+00:00,0.89247,0.89269,0.8922,0.89255
2019-06-25 00:00:00+00:00,0.89255,0.89581,0.89181,0.89479
2019-06-26 00:00:00+00:00,0.89479,0.89619,0.89151,0.89563
2019-06-27 00:00:00+00:00,0.89565,0.89735,0.89403,0.89575
2019-06-28 00:00:00+00:00,0.89573,0.89791,0.89367,0.89715
2019-06-29 00:00:00+00:00,0.89715,0.89891,0.89395,0.89519
2019-07-01 00:00:00+00:00,0.89508,0.89535,0.89471,0.89485
2019-07-02 00:00:00+00:00,0.89487,0.89773,0.89201,0.89257
2019-07-03 00:00:00+00:00,0.89255,0.89701,0.89201,0.89596
2019-07-04 00:00:00+00:00,0.89596,0.89873,0.89587,0.89677
2019-07-05 00:00:00+00:00,0.89677,0.89749,0.89623,0.89683
2019-07-06 00:00:00+00:00,0.89681,0.8984,0.89537,0.89623
2019-07-08 00:00:00+00:00,0.8959,0.89627,0.89582,0.89613
2019-07-09 00:00:00+00:00,0.89613,0.89707,0.89537,0.89585
2019-07-10 00:00:00+00:00,0.89585,0.89995,0.89573,0.89913
2019-07-11 00:00:00+00:00,0.89911,0.90075,0.89831,0.89995
2019-07-12 00:00:00+00:00,0.89996,0.90031,0.89653,0.89831
2019-07-13 00:00:00+00:00,0.89831,0.89873,0.89547,0.89649
2019-07-15 00:00:00+00:00,0.896,0.89649,0.89594,0.89643
2019-07-16 00:00:00+00:00,0.89643,0.89983,0.89631,0.89933
2019-07-17 00:00:00+00:00,0.89933,0.90447,0.89929,0.90321
2019-07-18 00:00:00+00:00,0.90321,0.90485,0.90141,0.90267
2019-07-19 00:00:00+00:00,0.90267,0.90365,0.89715,0.89775
2019-07-20 00:00:00+00:00,0.89775,0.89951,0.89563,0.89733
2019-07-22 00:00:00+00:00,0.89697,0.89711,0.89641,0.89653
2019-07-23 00:00:00+00:00,0.89653,0.89983,0.89639,0.89816
2019-07-24 00:00:00+00:00,0.89815,0.90026,0.89523,0.89629
2019-07-25 00:00:00+00:00,0.89631,0.89651,0.89055,0.89225
2019-07-26 00:00:00+00:00,0.89223,0.89567,0.88911,0.89481
2019-07-27 00:00:00+00:00,0.89481,0.89821,0.89469,0.89801
2019-07-29 00:00:00+00:00,0.89869,0.89911,0.89852,0.89905
2019-07-30 00:00:00+00:00,0.89905,0.91231,0.89897,0.91187
2019-07-31 00:00:00+00:00,0.91187,0.91877,0.91162,0.91762
2019-08-01 00:00:00+00:00,0.91761,0.91787,0.90815,0.91087
2019-08-02 00:00:00+00:00,0.91087,0.91464,0.90953,0.91355
2019-08-03 00:00:00+00:00,0.91355,0.91677,0.91279,0.91381
2019-08-05 00:00:00+00:00,0.91408,0.91418,0.91363,0.91393
2019-08-06 00:00:00+00:00,0.91393,0.92455,0.91319,0.92449
2019-08-07 00:00:00+00:00,0.92449,0.92471,0.91551,0.92063
2019-08-08 00:00:00+00:00,0.92065,0.92453,0.91881,0.92261
2019-08-09 00:00:00+00:00,0.92259,0.92629,0.92067,0.92117
2019-08-10 00:00:00+00:00,0.92117,0.93157,0.92107,0.93099
2019-08-12 00:00:00+00:00,0.93048,0.93226,0.93029,0.93213
2019-08-13 00:00:00+00:00,0.93213,0.93213,0.92471,0.9284
2019-08-14 00:00:00+00:00,0.9284,0.92921,0.92401,0.92633
2019-08-15 00:00:00+00:00,0.92633,0.92737,0.92284,0.92371
2019-08-16 00:00:00+00:00,0.92371,0.92485,0.91543,0.91865
2019-08-17 00:00:00+00:00,0.91865,0.91895,0.90897,0.91309
2019-08-20 00:00:00+00:00,0.91323,0.91379,0.91308,0.91345
2019-08-21 00:00:00+00:00,0.91345,0.91811,0.90999,0.91216
2019-08-22 00:00:00+00:00,0.91216,0.91595,0.91155,0.91413
2019-08-23 00:00:00+00:00,0.91413,0.91551,0.90277,0.90445
2019-08-24 00:00:00+00:00,0.90445,0.90921,0.90385,0.90709
2019-08-26 00:00:00+00:00,0.90813,0.90947,0.90743,0.90861
2019-08-27 00:00:00+00:00,0.90861,0.91067,0.90621,0.90813
2019-08-28 00:00:00+00:00,0.90815,0.90919,0.90151,0.90273
2019-08-29 00:00:00+00:00,0.90275,0.91213,0.90241,0.90703
2019-08-30 00:00:00+00:00,0.90703,0.90913,0.90507,0.90743
2019-08-31 00:00:00+00:00,0.90743,0.90817,0.90197,0.90303
2019-09-02 00:00:00+00:00,0.90412,0.90418,0.90349,0.90377
2019-09-03 00:00:00+00:00,0.90373,0.91065,0.90255,0.90871
2019-09-04 00:00:00+00:00,0.90875,0.91459,0.90507,0.90735
2019-09-05 00:00:00+00:00,0.90735,0.90791,0.89989,0.90077
2019-09-06 00:00:00+00:00,0.90079,0.90279,0.8944,0.89497
2019-09-07 00:00:00+00:00,0.89499,0.89835,0.89449,0.89686
2019-09-09 00:00:00+00:00,0.89796,0.89798,0.89695,0.89703
2019-09-10 00:00:00+00:00,0.89703,0.90125,0.89041,0.89463
2019-09-11 00:00:00+00:00,0.89463,0.89721,0.89206,0.89411
2019-09-12 00:00:00+00:00,0.89413,0.89489,0.89049,0.89283
2019-09-13 00:00:00+00:00,0.89283,0.89731,0.88853,0.89657
2019-09-14 00:00:00+00:00,0.89659,0.89723,0.88625,0.88655
2019-09-16 00:00:00+00:00,0.88588,0.88663,0.88572,0.88661
2019-09-17 00:00:00+00:00,0.88661,0.88993,0.88489,0.88535
2019-09-18 00:00:00+00:00,0.88535,0.88865,0.88381,0.88553
2019-09-19 00:00:00+00:00,0.88553,0.88783,0.88199,0.88421
2019-09-20 00:00:00+00:00,0.88421,0.88913,0.88035,0.88166
2019-09-21 00:00:00+00:00,0.88165,0.88427,0.87865,0.88329
2019-09-23 00:00:00+00:00,0.88321,0.88351,0.88304,0.88337
2019-09-24 00:00:00+00:00,0.88337,0.88531,0.88135,0.88395
2019-09-25 00:00:00+00:00,0.88395,0.88519,0.88027,0.8819
2019-09-26 00:00:00+00:00,0.88189,0.88775,0.88131,0.88589
2019-09-27 00:00:00+00:00,0.88586,0.88833,0.88441,0.88567
2019-09-28 00:00:00+00:00,0.88567,0.89003,0.88461,0.88981
2019-09-30 00:00:00+00:00,0.88973,0.89023,0.88963,0.89006
2019-10-01 00:00:00+00:00,0.89006,0.89011,0.88311,0.88671
2019-10-02 00:00:00+00:00,0.88671,0.89343,0.88457,0.88931
2019-10-03 00:00:00+00:00,0.88931,0.89219,0.88854,0.89075
2019-10-04 00:00:00+00:00,0.89073,0.89193,0.88469,0.88917
2019-10-05 00:00:00+00:00,0.88917,0.89345,0.88801,0.89005
2019-10-07 00:00:00+00:00,0.89065,0.89069,0.89013,0.89037
2019-10-08 00:00:00+00:00,0.89037,0.89293,0.89016,0.89273
2019-10-09 00:00:00+00:00,0.89271,0.89967,0.89229,0.89664
2019-10-10 00:00:00+00:00,0.89665,0.89951,0.89371,0.89941
2019-10-11 00:00:00+00:00,0.89941,0.90169,0.88301,0.88553
2019-10-12 00:00:00+00:00,0.88553,0.88563,0.86945,0.87181
2019-10-14 00:00:00+00:00,0.87279,0.87389,0.87243,0.87381
2019-10-15 00:00:00+00:00,0.87381,0.88085,0.87137,0.87437
2019-10-16 00:00:00+00:00,0.87437,0.87481,0.86245,0.86447
2019-10-17 00:00:00+00:00,0.86449,0.87135,0.85957,0.86353
2019-10-18 00:00:00+00:00,0.86355,0.87006,0.85739,0.86447
2019-10-19 00:00:00+00:00,0.86447,0.86624,0.86077,0.86231
2019-10-21 00:00:00+00:00,0.86322,0.86585,0.86313,0.86455
2019-10-22 00:00:00+00:00,0.86456,0.86531,0.85777,0.85961
2019-10-23 00:00:00+00:00,0.8596,0.86445,0.85761,0.86356
2019-10-24 00:00:00+00:00,0.86356,0.86575,0.86149,0.8615
2019-10-25 00:00:00+00:00,0.86149,0.86737,0.85993,0.86477
2019-10-26 00:00:00+00:00,0.86475,0.86679,0.86305,0.86345
2019-10-28 00:00:00+00:00,0.86385,0.86404,0.86333,0.8638
2019-10-29 00:00:00+00:00,0.86379,0.86495,0.86151,0.86319
2019-10-30 00:00:00+00:00,0.86319,0.86477,0.86073,0.8635
2019-10-31 00:00:00+00:00,0.8635,0.86539,0.86111,0.86417
2019-11-01 00:00:00+00:00,0.86413,0.86437,0.86001,0.86214
2019-11-02 00:00:00+00:00,0.86214,0.86341,0.85895,0.8629
2019-11-04 00:00:00+00:00,0.86374,0.86383,0.86275,0.86305
2019-11-05 00:00:00+00:00,0.86305,0.86437,0.86205,0.86331
2019-11-06 00:00:00+00:00,0.86331,0.86425,0.85845,0.8595
2019-11-07 00:00:00+00:00,0.8595,0.86145,0.85935,0.86083
2019-11-08 00:00:00+00:00,0.86085,0.86561,0.86017,0.86205
2019-11-09 00:00:00+00:00,0.86205,0.86285,0.85975,0.86207
2019-11-11 00:00:00+00:00,0.86109,0.86181,0.86109,0.86141
2019-11-12 00:00:00+00:00,0.86137,0.86199,0.85565,0.85819
2019-11-13 00:00:00+00:00,0.85819,0.86027,0.85573,0.85665
2019-11-14 00:00:00+00:00,0.85665,0.85867,0.8561,0.85629
2019-11-15 00:00:00+00:00,0.85629,0.85791,0.85443,0.85537
2019-11-16 00:00:00+00:00,0.8554,0.85721,0.85493,0.85643
2019-11-18 00:00:00+00:00,0.85479,0.85603,0.85469,0.85551
2019-11-19 00:00:00+00:00,0.85551,0.85585,0.85211,0.85477
2019-11-20 00:00:00+00:00,0.85475,0.85783,0.8537,0.85677
2019-11-21 00:00:00+00:00,0.85679,0.85823,0.85595,0.85677
2019-11-22 00:00:00+00:00,0.85677,0.85776,0.85443,0.85646
2019-11-23 00:00:00+00:00,0.85647,0.86031,0.85599,0.85839
2019-11-25 00:00:00+00:00,0.85688,0.85789,0.85681,0.85759
2019-11-26 00:00:00+00:00,0.85761,0.85817,0.85293,0.85345
2019-11-27 00:00:00+00:00,0.8535,0.85771,0.85313,0.85677
2019-11-28 00:00:00+00:00,0.85677,0.85815,0.84991,0.85099
2019-11-29 00:00:00+00:00,0.85099,0.85293,0.84999,0.85251
2019-11-30 00:00:00+00:00,0.85251,0.85401,0.85139,0.85161
2019-12-02 00:00:00+00:00,0.85357,0.85377,0.85285,0.85305
2019-12-03 00:00:00+00:00,0.85307,0.85715,0.85141,0.85581
2019-12-04 00:00:00+00:00,0.85581,0.85621,0.85117,0.85257
2019-12-05 00:00:00+00:00,0.85257,0.85271,0.84515,0.84523
2019-12-06 00:00:00+00:00,0.84523,0.84533,0.84297,0.84363
2019-12-07 00:00:00+00:00,0.84363,0.84649,0.84107,0.84151
2019-12-09 00:00:00+00:00,0.84172,0.84176,0.84141,0.8416
2019-12-10 00:00:00+00:00,0.8416,0.84241,0.83925,0.8415
2019-12-11 00:00:00+00:00,0.84149,0.84594,0.83956,0.84457
2019-12-12 00:00:00+00:00,0.84457,0.84495,0.84058,0.84333
2019-12-13 00:00:00+00:00,0.84333,0.85063,0.82795,0.82987
2019-12-14 00:00:00+00:00,0.82987,0.83855,0.82763,0.83301
2019-12-16 00:00:00+00:00,0.8342,0.83435,0.83297,0.83299
2019-12-17 00:00:00+00:00,0.83297,0.84112,0.83015,0.83913
2019-12-18 00:00:00+00:00,0.83913,0.85075,0.83789,0.84951
2019-12-19 00:00:00+00:00,0.84961,0.85151,0.84821,0.84941
2019-12-20 00:00:00+00:00,0.84941,0.85551,0.84759,0.85441
2019-12-21 00:00:00+00:00,0.85441,0.85479,0.84761,0.85149
2019-12-23 00:00:00+00:00,0.85218,0.8528,0.85123,0.85177
2019-12-24 00:00:00+00:00,0.85177,0.85893,0.85045,0.85679
2019-12-25 00:00:00+00:00,0.85679,0.85806,0.85431,0.85647
2019-12-26 00:00:00+00:00,0.85647,0.85688,0.85477,0.85511
2019-12-27 00:00:00+00:00,0.85511,0.85533,0.85287,0.8536
2019-12-28 00:00:00+00:00,0.85369,0.85627,0.85085,0.85447
2019-12-30 00:00:00+00:00,0.85304,0.85478,0.85286,0.85399
2019-12-31 00:00:00+00:00,0.85399,0.85541,0.85115,0.85403
2020-01-01 00:00:00+00:00,0.85401,0.85463,0.84535,0.84623
2020-01-02 00:00:00+00:00,0.84585,0.84661,0.84574,0.84643
2020-01-03 00:00:00+00:00,0.84643,0.85117,0.84573,0.84961
2020-01-04 00:00:00+00:00,0.84961,0.85405,0.84925,0.85357
2020-01-06 00:00:00+00:00,0.85303,0.85395,0.85269,0.85337
2020-01-07 00:00:00+00:00,0.85335,0.85424,0.84919,0.84971
2020-01-08 00:00:00+00:00,0.84971,0.85245,0.84651,0.85029
2020-01-09 00:00:00+00:00,0.85027,0.85151,0.84543,0.84771
2020-01-10 00:00:00+00:00,0.84771,0.85307,0.84709,0.84973
2020-01-11 00:00:00+00:00,0.84971,0.85167,0.84739,0.85159
2020-01-13 00:00:00+00:00,0.85287,0.85295,0.85201,0.85203
2020-01-14 00:00:00+00:00,0.85205,0.85797,0.85203,0.85715
2020-01-15 00:00:00+00:00,0.85715,0.85931,0.85393,0.85429
2020-01-16 00:00:00+00:00,0.85429,0.85749,0.85367,0.85495
2020-01-17 00:00:00+00:00,0.85495,0.85589,0.85087,0.85156
2020-01-18 00:00:00+00:00,0.85147,0.85305,0.84861,0.85209
2020-01-20 00:00:00+00:00,0.85337,0.85351,0.85249,0.85273
2020-01-21 00:00:00+00:00,0.85277,0.85505,0.85199,0.85307
2020-01-22 00:00:00+00:00,0.85312,0.85329,0.84927,0.84943
2020-01-23 00:00:00+00:00,0.84943,0.84985,0.84233,0.84409
2020-01-24 00:00:00+00:00,0.84399,0.8456,0.84165,0.84241
2020-01-25 00:00:00+00:00,0.84243,0.84414,0.83956,0.84329
2020-01-27 00:00:00+00:00,0.84331,0.84417,0.84293,0.84381
2020-01-28 00:00:00+00:00,0.84381,0.84467,0.84083,0.84371
2020-01-29 00:00:00+00:00,0.84371,0.84759,0.84341,0.84625
2020-01-30 00:00:00+00:00,0.84615,0.84658,0.84405,0.84575
2020-01-31 00:00:00+00:00,0.84575,0.84849,0.84115,0.84263
2020-02-01 00:00:00+00:00,0.84265,0.84273,0.83865,0.83971
2020-02-03 00:00:00+00:00,0.84174,0.84187,0.84066,0.84099
2020-02-04 00:00:00+00:00,0.84099,0.85156,0.84055,0.85097
2020-02-05 00:00:00+00:00,0.85097,0.85351,0.84639,0.84741
2020-02-06 00:00:00+00:00,0.84741,0.84905,0.84335,0.84633
2020-02-07 00:00:00+00:00,0.84633,0.84947,0.84613,0.84915
2020-02-08 00:00:00+00:00,0.84915,0.84949,0.84555,0.84933
2020-02-10 00:00:00+00:00,0.84865,0.84933,0.8484,0.84927
2020-02-11 00:00:00+00:00,0.84927,0.85017,0.84417,0.84465
2020-02-12 00:00:00+00:00,0.84465,0.84561,0.84195,0.84249
2020-02-13 00:00:00+00:00,0.84249,0.84263,0.83811,0.83904
2020-02-14 00:00:00+00:00,0.83904,0.83973,0.82949,0.83077
2020-02-15 00:00:00+00:00,0.83077,0.83415,0.82987,0.83049
2020-02-17 00:00:00+00:00,0.83117,0.83133,0.83031,0.83049
2020-02-18 00:00:00+00:00,0.83047,0.83346,0.83029,0.83305
2020-02-19 00:00:00+00:00,0.83305,0.83455,0.82815,0.83013
2020-02-20 00:00:00+00:00,0.83013,0.83653,0.82943,0.83611
2020-02-21 00:00:00+00:00,0.83611,0.84129,0.83569,0.83721
2020-02-22 00:00:00+00:00,0.83721,0.83821,0.83427,0.83679
2020-02-24 00:00:00+00:00,0.83591,0.83685,0.83552,0.83665
2020-02-25 00:00:00+00:00,0.83665,0.84041,0.83435,0.83931
2020-02-26 00:00:00+00:00,0.83921,0.83981,0.83373,0.83667
2020-02-27 00:00:00+00:00,0.83665,0.84404,0.83555,0.84325
2020-02-28 00:00:00+00:00,0.84325,0.85399,0.84315,0.85297
2020-02-29 00:00:00+00:00,0.85297,0.86391,0.85209,0.86091
2020-03-02 00:00:00+00:00,0.86395,0.86485,0.86097,0.86285
2020-03-03 00:00:00+00:00,0.86287,0.87397,0.8594,0.87285
2020-03-04 00:00:00+00:00,0.87283,0.87424,0.86815,0.87173
2020-03-05 00:00:00+00:00,0.87175,0.87419,0.86479,0.86517
2020-03-06 00:00:00+00:00,0.86517,0.86759,0.86205,0.86639
2020-03-07 00:00:00+00:00,0.86639,0.87231,0.86521,0.86741
2020-03-09 00:00:00+00:00,0.86715,0.86977,0.86589,0.86925
2020-03-10 00:00:00+00:00,0.86925,0.87669,0.86561,0.87185
2020-03-11 00:00:00+00:00,0.87185,0.87793,0.86805,0.87644
2020-03-12 00:00:00+00:00,0.87644,0.88247,0.87149,0.87833
2020-03-13 00:00:00+00:00,0.87833,0.89109,0.87825,0.88916
2020-03-14 00:00:00+00:00,0.88916,0.90169,0.88427,0.89915
2020-03-16 00:00:00+00:00,0.90033,0.90452,0.89844,0.89961
2020-03-17 00:00:00+00:00,0.89967,0.91467,0.89858,0.90973
2020-03-18 00:00:00+00:00,0.90973,0.91391,0.90655,0.90907
2020-03-19 00:00:00+00:00,0.90908,0.94607,0.90677,0.94256
2020-03-20 00:00:00+00:00,0.94265,0.94979,0.91217,0.92705
2020-03-21 00:00:00+00:00,0.92705,0.92843,0.89963,0.92045
2020-03-23 00:00:00+00:00,0.91653,0.92463,0.91548,0.91979
2020-03-24 00:00:00+00:00,0.91965,0.93853,0.91645,0.92804
2020-03-25 00:00:00+00:00,0.92795,0.93233,0.91431,0.91579
2020-03-26 00:00:00+00:00,0.91579,0.92729,0.90547,0.91882
2020-03-27 00:00:00+00:00,0.91875,0.92211,0.90339,0.90605
2020-03-28 00:00:00+00:00,0.90595,0.90705,0.89041,0.89225
2020-03-30 00:00:00+00:00,0.89347,0.89606,0.89266,0.89436
2020-03-31 00:00:00+00:00,0.89426,0.89855,0.88669,0.89143
2020-04-01 00:00:00+00:00,0.89145,0.89701,0.88111,0.88858
2020-04-02 00:00:00+00:00,0.88859,0.89089,0.87851,0.88441
2020-04-03 00:00:00+00:00,0.88443,0.88445,0.87391,0.87513
2020-04-04 00:00:00+00:00,0.87509,0.88335,0.87403,0.88135
2020-04-06 00:00:00+00:00,0.88287,0.88524,0.88154,0.88433
2020-04-07 00:00:00+00:00,0.88431,0.88639,0.87647,0.88287
2020-04-08 00:00:00+00:00,0.88277,0.88551,0.88,0.88269
2020-04-09 00:00:00+00:00,0.88277,0.88313,0.87455,0.87641
2020-04-10 00:00:00+00:00,0.87631,0.87845,0.87245,0.87705
2020-04-11 00:00:00+00:00,0.87705,0.87821,0.87603,0.87673
2020-04-13 00:00:00+00:00,0.87763,0.87809,0.87647,0.87711
2020-04-14 00:00:00+00:00,0.87719,0.87765,0.87055,0.87195
2020-04-15 00:00:00+00:00,0.87193,0.87363,0.86811,0.8698
2020-04-16 00:00:00+00:00,0.86975,0.87427,0.86965,0.87067
2020-04-17 00:00:00+00:00,0.87077,0.87265,0.86858,0.86939
2020-04-18 00:00:00+00:00,0.86941,0.87191,0.86829,0.86945
2020-04-20 00:00:00+00:00,0.86973,0.87019,0.86939,0.86997
2020-04-21 00:00:00+00:00,0.86996,0.87409,0.86971,0.87309
2020-04-22 00:00:00+00:00,0.87309,0.88606,0.87263,0.88245
2020-04-23 00:00:00+00:00,0.88237,0.88339,0.87655,0.87679
2020-04-24 00:00:00+00:00,0.87681,0.87741,0.87083,0.87221
2020-04-25 00:00:00+00:00,0.87213,0.87659,0.87107,0.87395
2020-04-27 00:00:00+00:00,0.87471,0.875,0.87447,0.87495
2020-04-28 00:00:00+00:00,0.87493,0.87493,0.87081,0.87115
2020-04-29 00:00:00+00:00,0.87125,0.87224,0.86885,0.87087
2020-04-30 00:00:00+00:00,0.87099,0.87522,0.86933,0.87197
2020-05-01 00:00:00+00:00,0.87207,0.87403,0.86703,0.86977
2020-05-02 00:00:00+00:00,0.86977,0.87939,0.86973,0.87747
2020-05-04 00:00:00+00:00,0.87884,0.87999,0.87831,0.87975
2020-05-05 00:00:00+00:00,0.87985,0.88115,0.87537,0.87605
2020-05-06 00:00:00+00:00,0.87595,0.87595,0.86897,0.87071
2020-05-07 00:00:00+00:00,0.87083,0.87605,0.86975,0.87591
2020-05-08 00:00:00+00:00,0.87601,0.87871,0.87081,0.87571
2020-05-09 00:00:00+00:00,0.8756,0.87629,0.87123,0.87339
2020-05-11 00:00:00+00:00,0.87358,0.8739,0.87267,0.87269
2020-05-12 00:00:00+00:00,0.87267,0.88039,0.87207,0.87641
2020-05-13 00:00:00+00:00,0.87639,0.88515,0.87583,0.88503
2020-05-14 00:00:00+00:00,0.88505,0.88749,0.88071,0.88411
2020-05-15 00:00:00+00:00,0.884,0.88681,0.88255,0.88317
2020-05-16 00:00:00+00:00,0.88317,0.89299,0.88289,0.89251
2020-05-18 00:00:00+00:00,0.89504,0.89545,0.89426,0.89493
2020-05-19 00:00:00+00:00,0.89493,0.89573,0.88935,0.89451
2020-05-20 00:00:00+00:00,0.89451,0.89549,0.89017,0.89145
2020-05-21 00:00:00+00:00,0.89145,0.89877,0.89101,0.89703
2020-05-22 00:00:00+00:00,0.89701,0.89971,0.89451,0.89559
2020-05-23 00:00:00+00:00,0.89559,0.89686,0.89289,0.89542
2020-05-25 00:00:00+00:00,0.89517,0.89553,0.89459,0.89493
2020-05-26 00:00:00+00:00,0.89495,0.89517,0.89275,0.89339
2020-05-27 00:00:00+00:00,0.89329,0.89386,0.88803,0.89017
2020-05-28 00:00:00+00:00,0.89009,0.89913,0.88887,0.89809
2020-05-29 00:00:00+00:00,0.89819,0.89915,0.89627,0.89903
2020-05-30 00:00:00+00:00,0.89913,0.90519,0.8978,0.89873
2020-06-01 00:00:00+00:00,0.90042,0.90087,0.89921,0.90016
2020-06-02 00:00:00+00:00,0.90023,0.90023,0.89015,0.89091
2020-06-03 00:00:00+00:00,0.89081,0.89185,0.88659,0.88889
2020-06-04 00:00:00+00:00,0.88889,0.89361,0.88781,0.89333
2020-06-05 00:00:00+00:00,0.89335,0.90045,0.89305,0.89915
2020-06-06 00:00:00+00:00,0.89905,0.90023,0.88851,0.89127
2020-06-08 00:00:00+00:00,0.89067,0.891,0.88904,0.88961
2020-06-09 00:00:00+00:00,0.88961,0.89259,0.88675,0.88739
2020-06-10 00:00:00+00:00,0.88749,0.89359,0.88637,0.89147
2020-06-11 00:00:00+00:00,0.89145,0.89403,0.88823,0.89403
2020-06-12 00:00:00+00:00,0.89403,0.90123,0.89309,0.89763
2020-06-13 00:00:00+00:00,0.89763,0.89947,0.89475,0.89861
2020-06-15 00:00:00+00:00,0.89864,0.89945,0.89811,0.89923
2020-06-16 00:00:00+00:00,0.89933,0.90219,0.89609,0.89705
2020-06-17 00:00:00+00:00,0.89693,0.89781,0.89115,0.89523
2020-06-18 00:00:00+00:00,0.89513,0.89875,0.89381,0.89561
2020-06-19 00:00:00+00:00,0.89559,0.90389,0.89517,0.90191
2020-06-20 00:00:00+00:00,0.90191,0.90701,0.90051,0.90493
2020-06-22 00:00:00+00:00,0.90496,0.90553,0.90483,0.90513
2020-06-23 00:00:00+00:00,0.90511,0.90577,0.90183,0.90213
2020-06-24 00:00:00+00:00,0.90203,0.90762,0.90183,0.90317
2020-06-25 00:00:00+00:00,0.90305,0.90707,0.90152,0.9061
2020-06-26 00:00:00+00:00,0.9062,0.90625,0.90006,0.90281
2020-06-27 00:00:00+00:00,0.90273,0.90973,0.90249,0.90962
2020-06-29 00:00:00+00:00,0.90938,0.90986,0.90917,0.90929
2020-06-30 00:00:00+00:00,0.90929,0.91729,0.90839,0.91347
2020-07-01 00:00:00+00:00,0.91337,0.91421,0.90571,0.90655
2020-07-02 00:00:00+00:00,0.90667,0.90767,0.90121,0.90251
2020-07-03 00:00:00+00:00,0.90251,0.90291,0.90025,0.90127
2020-07-04 00:00:00+00:00,0.90129,0.90265,0.90041,0.90093
2020-07-06 00:00:00+00:00,0.90127,0.90157,0.90097,0.90149
2020-07-07 00:00:00+00:00,0.90141,0.90649,0.90121,0.90531
2020-07-08 00:00:00+00:00,0.90521,0.90533,0.89667,0.89873
2020-07-09 00:00:00+00:00,0.89883,0.90077,0.89745,0.89859
2020-07-10 00:00:00+00:00,0.89869,0.89977,0.89453,0.89531
2020-07-11 00:00:00+00:00,0.89531,0.89669,0.89373,0.89465
2020-07-13 00:00:00+00:00,0.89507,0.89557,0.89471,0.89537
2020-07-14 00:00:00+00:00,0.89547,0.90373,0.89451,0.90357
2020-07-15 00:00:00+00:00,0.90367,0.91101,0.90333,0.90763
2020-07-16 00:00:00+00:00,0.90763,0.90765,0.90431,0.90663
2020-07-17 00:00:00+00:00,0.90663,0.90927,0.90552,0.90661
2020-07-18 00:00:00+00:00,0.90661,0.91319,0.90573,0.90967
2020-07-20 00:00:00+00:00,0.90931,0.91017,0.90891,0.90996
2020-07-21 00:00:00+00:00,0.90995,0.91351,0.90301,0.90455
2020-07-22 00:00:00+00:00,0.90465,0.90636,0.90005,0.90581
2020-07-23 00:00:00+00:00,0.90581,0.91341,0.90521,0.90839
2020-07-24 00:00:00+00:00,0.90847,0.91219,0.90827,0.91059
2020-07-25 00:00:00+00:00,0.91071,0.91223,0.90829,0.9102
2020-07-27 00:00:00+00:00,0.909900009632111,0.910860002040863,0.909900009632111,0.910340011119843
2020-07-28 00:00:00+00:00,0.910350024700165,0.914610028266907,0.909850001335144,0.912900030612946
2020-07-29 00:00:00+00:00,0.912890017032623,0.913269996643066,0.904960036277771,0.90650999546051
2020-07-30 00:00:00+00:00,0.90650999546051,0.908550024032593,0.903330028057098,0.907469987869263
2020-07-31 00:00:00+00:00,0.907500028610229,0.907680034637451,0.90148001909256,0.904990017414093
2020-08-01 00:00:00+00:00,0.904960036277771,0.906090021133423,0.897859990596771,0.899590015411377
2020-08-03 00:00:00+00:00,0.899829983711243,0.90039998292923,0.899079978466034,0.899169981479645
2020-08-04 00:00:00+00:00,0.899179995059967,0.90131002664566,0.898039996623993,0.89903998374939
2020-08-05 00:00:00+00:00,0.899049997329712,0.903900027275085,0.898959994316101,0.902639985084534
2020-08-06 00:00:00+00:00,0.902630031108856,0.905680000782013,0.901019990444183,0.904340028762817
2020-08-07 00:00:00+00:00,0.904349982738495,0.905160009860992,0.8983,0.90373
2020-08-08 00:00:00+00:00,0.90374,0.90403,0.9014,0.90242
2020-08-10 00:00:00+00:00,0.90186,0.90271,0.90182,0.90252
2020-08-11 00:00:00+00:00,0.90253,0.90279,0.89731,0.89735
2020-08-12 00:00:00+00:00,0.89736,0.90074,0.89677,0.89895
2020-08-13 00:00:00+00:00,0.89894,0.90515,0.89876,0.90388
2020-08-14 00:00:00+00:00,0.90387,0.90505,0.90288,0.90389
2020-08-15 00:00:00+00:00,0.90385,0.90471,0.89993,0.90435
2020-08-17 00:00:00+00:00,0.90254,0.90426,0.90254,0.90411
2020-08-18 00:00:00+00:00,0.90411,0.9068,0.90336,0.9058
2020-08-19 00:00:00+00:00,0.9058,0.90589,0.89969,0.90117
2020-08-20 00:00:00+00:00,0.90116,0.9044,0.90016,0.90321
2020-08-21 00:00:00+00:00,0.90321,0.90667,0.89657,0.89771
2020-08-22 00:00:00+00:00,0.89771,0.90133,0.89416,0.901
2020-08-24 00:00:00+00:00,0.90086,0.90106,0.90038,0.90091
2020-08-25 00:00:00+00:00,0.90089,0.90423,0.9,0.90211
2020-08-26 00:00:00+00:00,0.90211,0.90351,0.89804,0.89971
2020-08-27 00:00:00+00:00,0.89971,0.90016,0.89452,0.89546
2020-08-28 00:00:00+00:00,0.89548,0.89626,0.89224,0.89521
2020-08-29 00:00:00+00:00,0.89526,0.89727,0.89066,0.89111
2020-08-31 00:00:00+00:00,0.8915,0.89218,0.89138,0.89209
2020-09-01 00:00:00+00:00,0.89208,0.8965,0.89147,0.89301
2020-09-02 00:00:00+00:00,0.89301,0.89443,0.88865,0.88956
2020-09-03 00:00:00+00:00,0.88953,0.89055,0.88656,0.88726
2020-09-04 00:00:00+00:00,0.88726,0.89326,0.88638,0.89256
2020-09-05 00:00:00+00:00,0.89256,0.89502,0.8898,0.89151
2020-09-07 00:00:00+00:00,0.89288,0.89396,0.89271,0.89311
2020-09-08 00:00:00+00:00,0.89312,0.89916,0.89276,0.89781
2020-09-09 00:00:00+00:00,0.89778,0.9077,0.89719,0.90732
2020-09-10 00:00:00+00:00,0.90731,0.91286,0.90607,0.90784
2020-09-11 00:00:00+00:00,0.90781,0.92688,0.90781,0.92295
2020-09-12 00:00:00+00:00,0.92295,0.92894,0.9208,0.92505
2020-09-14 00:00:00+00:00,0.92421,0.92533,0.9236,0.92429
2020-09-15 00:00:00+00:00,0.92428,0.92489,0.91986,0.92336
2020-09-16 00:00:00+00:00,0.92336,0.9257,0.91794,0.91893
2020-09-17 00:00:00+00:00,0.91897,0.92051,0.90922,0.91056
2020-09-18 00:00:00+00:00,0.91056,0.91676,0.9081,0.91284
2020-09-19 00:00:00+00:00,0.91285,0.91756,0.91133,0.91679
2020-09-21 00:00:00+00:00,0.91464,0.91603,0.91464,0.91571
2020-09-22 00:00:00+00:00,0.91572,0.91951,0.91444,0.91737
2020-09-23 00:00:00+00:00,0.91739,0.92186,0.91411,0.91843
2020-09-24 00:00:00+00:00,0.91842,0.92166,0.91344,0.91658
2020-09-25 00:00:00+00:00,0.91656,0.91787,0.911119997501373,0.91494
2020-09-26 00:00:00+00:00,0.91495,0.916660010814667,0.911710023880005,0.91186
2020-09-28 00:00:00+00:00,0.910860002040863,0.911779999732971,0.910570025444031,0.911300003528595
2020-09-29 00:00:00+00:00,0.911270022392273,0.91158002614975,0.90228,0.90685
2020-09-30 00:00:00+00:00,0.90685,0.91437,0.90598,0.91251
2020-10-01 00:00:00+00:00,0.91249,0.91553,0.90601,0.90744
2020-10-02 00:00:00+00:00,0.90746,0.91541,0.90606,0.91111
2020-10-03 00:00:00+00:00,0.91099,0.91214,0.90409,0.90521
2020-10-05 00:00:00+00:00,0.90578,0.90656,0.90535,0.90616
2020-10-06 00:00:00+00:00,0.90614,0.90886,0.90516,0.90721
2020-10-07 00:00:00+00:00,0.9072,0.91242,0.90591,0.91076
2020-10-08 00:00:00+00:00,0.91076,0.9159,0.90927,0.9106
2020-10-09 00:00:00+00:00,0.91061,0.91206,0.90674,0.90919
2020-10-10 00:00:00+00:00,0.90919,0.91305,0.9063,0.90651
2020-10-12 00:00:00+00:00,0.90626,0.90683,0.90623,0.90659
2020-10-13 00:00:00+00:00,0.90659,0.9077,0.90266,0.904
2020-10-14 00:00:00+00:00,0.904,0.90835,0.90178,0.90761
2020-10-15 00:00:00+00:00,0.90761,0.91195,0.90055,0.90246
2020-10-16 00:00:00+00:00,0.90246,0.90757,0.90146,0.90706
2020-10-17 00:00:00+00:00,0.90706,0.91076,0.9042,0.90626
2020-10-19 00:00:00+00:00,0.90744,0.90772,0.90594,0.90616
2020-10-20 00:00:00+00:00,0.90616,0.9096,0.90206,0.90876
2020-10-21 00:00:00+00:00,0.90877,0.91467,0.90777,0.91282
2020-10-22 00:00:00+00:00,0.91282,0.91314,0.90095,0.90249
2020-10-23 00:00:00+00:00,0.90249,0.90443,0.9013,0.90322
2020-10-24 00:00:00+00:00,0.90322,0.91053,0.90192,0.90917
2020-10-26 00:00:00+00:00,0.90809,0.90824,0.90686,0.90749
2020-10-27 00:00:00+00:00,0.90749,0.91042,0.90395,0.90712
2020-10-28 00:00:00+00:00,0.90711,0.90832,0.90274,0.90397
2020-10-29 00:00:00+00:00,0.90397,0.90742,0.9013,0.90425
2020-10-30 00:00:00+00:00,0.90426,0.90577,0.90049,0.90291
2020-10-31 00:00:00+00:00,0.90291,0.9051,0.89823,0.89871
2020-11-02 00:00:00+00:00,0.90075,0.90123,0.89964,0.90043
2020-11-03 00:00:00+00:00,0.90043,0.90469,0.89935,0.90062
2020-11-04 00:00:00+00:00,0.90062,0.90224,0.89562,0.89625
2020-11-05 00:00:00+00:00,0.89625,0.90614,0.89431,0.9046
2020-11-06 00:00:00+00:00,0.90461,0.90671,0.89868,0.89917
2020-11-07 00:00:00+00:00,0.89917,0.90529,0.89882,0.90299
2020-11-09 00:00:00+00:00,0.90302,0.90355,0.90205,0.90213
2020-11-10 00:00:00+00:00,0.90211,0.90468,0.89693,0.8977
2020-11-11 00:00:00+00:00,0.89768,0.89777,0.88825,0.89102
2020-11-12 00:00:00+00:00,0.89103,0.89167,0.88593,0.89058
2020-11-13 00:00:00+00:00,0.89058,0.90026,0.89046,0.89941
2020-11-14 00:00:00+00:00,0.89941,0.90016,0.89641,0.89657
2020-11-16 00:00:00+00:00,0.89779,0.89779,0.89559,0.8958
2020-11-17 00:00:00+00:00,0.8958,0.89932,0.89535,0.89677
2020-11-18 00:00:00+00:00,0.89677,0.89802,0.89407,0.89471
2020-11-19 00:00:00+00:00,0.89475,0.89566,0.89137,0.8937
2020-11-20 00:00:00+00:00,0.8937,0.89622,0.89226,0.8955
2020-11-21 00:00:00+00:00,0.89547,0.89583,0.89162,0.89188
2020-11-23 00:00:00+00:00,0.89102,0.89223,0.89102,0.89174
2020-11-24 00:00:00+00:00,0.89174,0.89196,0.8865,0.88845
2020-11-25 00:00:00+00:00,0.88846,0.89116,0.88729,0.89023
2020-11-26 00:00:00+00:00,0.89023,0.89367,0.88884,0.89018
2020-11-27 00:00:00+00:00,0.89018,0.89331,0.89011,0.89181
2020-11-28 00:00:00+00:00,0.8918,0.89934,0.89137,0.89934
2020-11-30 00:00:00+00:00,0.8964,0.89813,0.8964,0.89782
2020-12-01 00:00:00+00:00,0.89782,0.89994,0.89404,0.89498
2020-12-02 00:00:00+00:00,0.89498,0.90059,0.89271,0.89913
2020-12-03 00:00:00+00:00,0.89913,0.90825,0.89839,0.90595
2020-12-04 00:00:00+00:00,0.90596,0.90636,0.8997,0.90266
2020-12-05 00:00:00+00:00,0.90266,0.90656,0.89812,0.90229
2020-12-07 00:00:00+00:00,0.90425,0.90425,0.9028,0.90329
2020-12-08 00:00:00+00:00,0.90329,0.914,0.90267,0.90653
2020-12-09 00:00:00+00:00,0.90653,0.91145,0.90468,0.90587
2020-12-10 00:00:00+00:00,0.90588,0.90787,0.89819,0.9035
2020-12-11 00:00:00+00:00,0.9035,0.91405,0.90215,0.91268
2020-12-12 00:00:00+00:00,0.91267,0.92282,0.91136,0.9159
2020-12-14 00:00:00+00:00,0.90699,0.91108,0.90699,0.91095
2020-12-15 00:00:00+00:00,0.91093,0.91197,0.90435,0.91148
2020-12-16 00:00:00+00:00,0.91149,0.91471,0.90247,0.90368
2020-12-17 00:00:00+00:00,0.90368,0.90544,0.89906,0.90308
2020-12-18 00:00:00+00:00,0.90308,0.9049,0.89803,0.90351
2020-12-19 00:00:00+00:00,0.90351,0.90821,0.903,0.90734
2020-12-21 00:00:00+00:00,0.9111,0.91175,0.90885,0.91105
2020-12-22 00:00:00+00:00,0.91105,0.92157,0.90688,0.90964
2020-12-23 00:00:00+00:00,0.90964,0.91546,0.90823,0.90919
2020-12-24 00:00:00+00:00,0.90919,0.90959,0.89992,0.9022
2020-12-25 00:00:00+00:00,0.90222,0.90295,0.89515,0.89783
2020-12-28 00:00:00+00:00,0.89796,0.90009,0.89709,0.89912
2020-12-29 00:00:00+00:00,0.89912,0.909,0.8989,0.90735
2020-12-30 00:00:00+00:00,0.90735,0.90915,0.90549,0.90754
2020-12-31 00:00:00+00:00,0.90755,0.90841,0.90114,0.90222
2021-01-01 00:00:00+00:00,0.90222,0.90301,0.89304,0.89396
2021-01-04 00:00:00+00:00,0.89566,0.89607,0.89487,0.89522
2021-01-05 00:00:00+00:00,0.89519,0.90471,0.8942,0.90266
2021-01-06 00:00:00+00:00,0.90266,0.90526,0.90121,0.90235
2021-01-07 00:00:00+00:00,0.90236,0.90834,0.90155,0.90544
2021-01-08 00:00:00+00:00,0.90544,0.90755,0.90137,0.90402
2021-01-09 00:00:00+00:00,0.90402,0.9044,0.89915,0.90127
2021-01-11 00:00:00+00:00,0.90009,0.90171,0.89912,0.90131
2021-01-12 00:00:00+00:00,0.90131,0.9035,0.89869,0.89906
2021-01-13 00:00:00+00:00,0.89908,0.89939,0.8919,0.89309
2021-01-14 00:00:00+00:00,0.89309,0.89327,0.88818,0.89095
2021-01-15 00:00:00+00:00,0.89095,0.89144,0.88675,0.88782
2021-01-16 00:00:00+00:00,0.88786,0.89056,0.88644,0.88898
2021-01-18 00:00:00+00:00,0.88753,0.88902,0.88641,0.88894
2021-01-19 00:00:00+00:00,0.88894,0.89231,0.88845,0.88903
2021-01-20 00:00:00+00:00,0.88901,0.89169,0.8882,0.88953
2021-01-21 00:00:00+00:00,0.88953,0.89022,0.8836,0.88625
2021-01-22 00:00:00+00:00,0.88625,0.88674,0.8828,0.88594
2021-01-23 00:00:00+00:00,0.88596,0.89171,0.88582,0.88928
2021-01-25 00:00:00+00:00,0.88858,0.88934,0.8884,0.88885
2021-01-26 00:00:00+00:00,0.88885,0.88951,0.88667,0.88775
2021-01-27 00:00:00+00:00,0.88775,0.89029,0.88454,0.885
2021-01-28 00:00:00+00:00,0.88501,0.88553,0.88107,0.88513
2021-01-29 00:00:00+00:00,0.88513,0.88821,0.88248,0.88296
2021-01-30 00:00:00+00:00,0.88296,0.88689,0.88238,0.88567
2021-02-01 00:00:00+00:00,0.8846,0.88504,0.88401,0.88491
2021-02-02 00:00:00+00:00,0.88491,0.88499,0.88031,0.88222
2021-02-03 00:00:00+00:00,0.88223,0.88353,0.8794,0.88103
2021-02-04 00:00:00+00:00,0.88103,0.88247,0.87959,0.88197
2021-02-05 00:00:00+00:00,0.88197,0.88377,0.87465,0.87502
2021-02-06 00:00:00+00:00,0.875,0.87757,0.87369,0.87683
2021-02-08 00:00:00+00:00,0.877,0.87757,0.87587,0.87683
2021-02-09 00:00:00+00:00,0.87683,0.87913,0.87601,0.87667
2021-02-10 00:00:00+00:00,0.87667,0.87953,0.87606,0.87683
2021-02-11 00:00:00+00:00,0.8768,0.87783,0.87498,0.87604
2021-02-12 00:00:00+00:00,0.87609,0.87865,0.87511,0.87813
2021-02-13 00:00:00+00:00,0.87813,0.87895,0.87422,0.87472
2021-02-15 00:00:00+00:00,0.8746,0.87515,0.8737,0.87372
2021-02-16 00:00:00+00:00,0.87372,0.87383,0.87154,0.87176
2021-02-17 00:00:00+00:00,0.87176,0.8737,0.86955,0.8704
2021-02-18 00:00:00+00:00,0.87042,0.87175,0.86786,0.86852
2021-02-19 00:00:00+00:00,0.86851,0.86986,0.86395,0.86554
2021-02-20 00:00:00+00:00,0.86554,0.86766,0.86387,0.86493
2021-02-22 00:00:00+00:00,0.86379,0.86491,0.86373,0.86422
2021-02-23 00:00:00+00:00,0.86422,0.86592,0.86315,0.8645
2021-02-24 00:00:00+00:00,0.86448,0.86526,0.86033,0.86042
2021-02-25 00:00:00+00:00,0.86038,0.86146,0.85373,0.86006
2021-02-26 00:00:00+00:00,0.86006,0.86956,0.85948,0.86799
2021-02-27 00:00:00+00:00,0.868,0.87291,0.86544,0.86605
2021-03-01 00:00:00+00:00,0.86543,0.86661,0.8646,0.86502
2021-03-02 00:00:00+00:00,0.86497,0.86593,0.86185,0.86483
2021-03-03 00:00:00+00:00,0.86483,0.86655,0.86352,0.86584
2021-03-04 00:00:00+00:00,0.8658,0.86662,0.86205,0.86508
2021-03-05 00:00:00+00:00,0.86512,0.86519,0.85947,0.86118
2021-03-06 00:00:00+00:00,0.8612,0.86502,0.86009,0.86037
2021-03-08 00:00:00+00:00,0.86185,0.86227,0.86024,0.86088
2021-03-09 00:00:00+00:00,0.86087,0.86159,0.8563,0.85723
2021-03-10 00:00:00+00:00,0.85723,0.85844,0.85487,0.85649
2021-03-11 00:00:00+00:00,0.85649,0.85773,0.85484,0.85582
2021-03-12 00:00:00+00:00,0.85582,0.85803,0.85466,0.85632
2021-03-13 00:00:00+00:00,0.85634,0.85975,0.85523,0.85849
2021-03-15 00:00:00+00:00,0.85784,0.85829,0.85758,0.85767
2021-03-16 00:00:00+00:00,0.85767,0.8598,0.85528,0.85794
2021-03-17 00:00:00+00:00,0.85795,0.86379,0.85568,0.85597
2021-03-18 00:00:00+00:00,0.85596,0.86036,0.85387,0.85724
2021-03-19 00:00:00+00:00,0.85724,0.85828,0.85317,0.85579
2021-03-20 00:00:00+00:00,0.85579,0.85885,0.85337,0.85851
2021-03-22 00:00:00+00:00,0.85812,0.85905,0.85799,0.85888
2021-03-23 00:00:00+00:00,0.85888,0.86262,0.85753,0.86079
2021-03-24 00:00:00+00:00,0.86079,0.86434,0.85962,0.86207
2021-03-25 00:00:00+00:00,0.86207,0.86436,0.86127,0.86279
2021-03-26 00:00:00+00:00,0.8628,0.86397,0.85595,0.85644
2021-03-27 00:00:00+00:00,0.85644,0.85698,0.85332,0.85534
2021-03-29 00:00:00+00:00,0.85467,0.85535,0.8544,0.85459
2021-03-30 00:00:00+00:00,0.85458,0.85609,0.85044,0.85421
2021-03-31 00:00:00+00:00,0.85421,0.85548,0.85214,0.85267
2021-04-01 00:00:00+00:00,0.85267,0.85358,0.8501,0.8505
2021-04-02 00:00:00+00:00,0.8505,0.85316,0.84912,0.85116
2021-04-03 00:00:00+00:00,0.85116,0.85186,0.84935,0.84974
2021-04-05 00:00:00+00:00,0.8503,0.85093,0.8501,0.85067
2021-04-06 00:00:00+00:00,0.85067,0.85077,0.84702,0.84919
2021-04-07 00:00:00+00:00,0.84923,0.85887,0.84841,0.85835
2021-04-08 00:00:00+00:00,0.85835,0.86618,0.85804,0.86378
2021-04-09 00:00:00+00:00,0.86378,0.86794,0.86199,0.86742
2021-04-10 00:00:00+00:00,0.86742,0.86956,0.86448,0.868
2021-04-12 00:00:00+00:00,0.86751,0.86813,0.8675,0.86766
2021-04-13 00:00:00+00:00,0.86766,0.86936,0.86384,0.8659
2021-04-14 00:00:00+00:00,0.8659,0.871,0.86389,0.86861
2021-04-15 00:00:00+00:00,0.86864,0.86969,0.86673,0.86955
2021-04-16 00:00:00+00:00,0.86956,0.8696,0.86684,0.8682
2021-04-17 00:00:00+00:00,0.8682,0.87174,0.86541,0.86557
2021-04-19 00:00:00+00:00,0.86534,0.86609,0.86522,0.86602
2021-04-20 00:00:00+00:00,0.86602,0.86706,0.85874,0.86052
2021-04-21 00:00:00+00:00,0.86053,0.86417,0.8604,0.86311
2021-04-22 00:00:00+00:00,0.86311,0.86427,0.86112,0.86387
2021-04-23 00:00:00+00:00,0.86388,0.87006,0.86329,0.86799
2021-04-24 00:00:00+00:00,0.86799,0.87163,0.86703,0.87123
2021-04-26 00:00:00+00:00,0.87089,0.87179,0.87089,0.87174
2021-04-27 00:00:00+00:00,0.87176,0.87176,0.86809,0.86917
2021-04-28 00:00:00+00:00,0.86917,0.86996,0.86723,0.86938
2021-04-29 00:00:00+00:00,0.86935,0.87056,0.868,0.86945
2021-04-30 00:00:00+00:00,0.86944,0.86999,0.86726,0.86896
2021-05-01 00:00:00+00:00,0.86896,0.87158,0.868,0.87034
2021-05-03 00:00:00+00:00,0.8699,0.87041,0.86937,0.87018
2021-05-04 00:00:00+00:00,0.87013,0.87079,0.86632,0.86717
2021-05-05 00:00:00+00:00,0.86717,0.86877,0.86441,0.86494
2021-05-06 00:00:00+00:00,0.86494,0.86495,0.86221,0.86312
2021-05-07 00:00:00+00:00,0.86313,0.86971,0.86276,0.86811
2021-05-08 00:00:00+00:00,0.86811,0.86991,0.8664,0.8688
2021-05-10 00:00:00+00:00,0.86869,0.86903,0.86662,0.86664
2021-05-11 00:00:00+00:00,0.86664,0.86706,0.85865,0.85899
2021-05-12 00:00:00+00:00,0.85897,0.8612,0.85803,0.85896
2021-05-13 00:00:00+00:00,0.85896,0.85957,0.85589,0.85869
2021-05-14 00:00:00+00:00,0.85869,0.86158,0.85829,0.85961
2021-05-15 00:00:00+00:00,0.85961,0.86256,0.85946,0.86129
2021-05-17 00:00:00+00:00,0.86042,0.86153,0.86042,0.86146
2021-05-18 00:00:00+00:00,0.86148,0.86301,0.85906,0.85907
2021-05-19 00:00:00+00:00,0.85906,0.86174,0.85802,0.86131
2021-05-20 00:00:00+00:00,0.8613,0.86417,0.8608,0.86252
2021-05-21 00:00:00+00:00,0.86252,0.86411,0.86103,0.86167
2021-05-22 00:00:00+00:00,0.86167,0.86281,0.85818,0.86074
2021-05-24 00:00:00+00:00,0.85946,0.86132,0.85946,0.86125
2021-05-25 00:00:00+00:00,0.86125,0.86479,0.8606,0.86269
2021-05-26 00:00:00+00:00,0.86269,0.86699,0.86173,0.86579
2021-05-27 00:00:00+00:00,0.86579,0.86587,0.86275,0.86357
2021-05-28 00:00:00+00:00,0.86358,0.8645,0.85777,0.85829
2021-05-29 00:00:00+00:00,0.85829,0.86051,0.85734,0.8591
2021-05-31 00:00:00+00:00,0.85854,0.85954,0.85849,0.85948
2021-06-01 00:00:00+00:00,0.85947,0.86125,0.85892,0.85967
2021-06-02 00:00:00+00:00,0.85967,0.86437,0.85833,0.86292
2021-06-03 00:00:00+00:00,0.86292,0.86375,0.85986,0.86141
2021-06-04 00:00:00+00:00,0.86141,0.86175,0.85842,0.8596
2021-06-05 00:00:00+00:00,0.8596,0.85989,0.85617,0.8588
2021-06-07 00:00:00+00:00,0.85856,0.85898,0.85848,0.85875
2021-06-08 00:00:00+00:00,0.85876,0.8611,0.85767,0.85979
2021-06-09 00:00:00+00:00,0.85979,0.86259,0.85946,0.86011
2021-06-10 00:00:00+00:00,0.86012,0.86365,0.85873,0.86284
2021-06-11 00:00:00+00:00,0.86285,0.86409,0.85834,0.85884
2021-06-12 00:00:00+00:00,0.85884,0.86043,0.85667,0.85765
2021-06-14 00:00:00+00:00,0.85726,0.85802,0.85697,0.85759
2021-06-15 00:00:00+00:00,0.85755,0.86041,0.85707,0.85894
2021-06-16 00:00:00+00:00,0.85895,0.86271,0.85816,0.86092
2021-06-17 00:00:00+00:00,0.86093,0.86098,0.8569,0.85728
2021-06-18 00:00:00+00:00,0.85727,0.85782,0.85405,0.85453
2021-06-19 00:00:00+00:00,0.85453,0.85992,0.85413,0.85922
2021-06-21 00:00:00+00:00,0.85888,0.85972,0.85689,0.85897
2021-06-22 00:00:00+00:00,0.85896,0.86002,0.85467,0.85529
2021-06-23 00:00:00+00:00,0.85531,0.85808,0.8546,0.85551
2021-06-24 00:00:00+00:00,0.85553,0.85627,0.85284,0.85399
2021-06-25 00:00:00+00:00,0.85401,0.85905,0.8532,0.85693
2021-06-26 00:00:00+00:00,0.85693,0.86031,0.85665,0.8595
2021-06-28 00:00:00+00:00,0.85891,0.85978,0.85831,0.85914
2021-06-29 00:00:00+00:00,0.85914,0.85954,0.85645,0.85931
2021-06-30 00:00:00+00:00,0.85931,0.86079,0.85858,0.85965
2021-07-01 00:00:00+00:00,0.85964,0.86075,0.85673,0.85717
2021-07-02 00:00:00+00:00,0.85717,0.86142,0.8562,0.86074
2021-07-03 00:00:00+00:00,0.86074,0.86089,0.85729,0.85742
2021-07-05 00:00:00+00:00,0.85713,0.85757,0.85698,0.85698
2021-07-06 00:00:00+00:00,0.85701,0.85808,0.85592,0.85611
2021-07-07 00:00:00+00:00,0.85612,0.85752,0.85338,0.85625
2021-07-08 00:00:00+00:00,0.85625,0.85813,0.85364,0.85439
2021-07-09 00:00:00+00:00,0.85439,0.86165,0.85436,0.85887
2021-07-10 00:00:00+00:00,0.85886,0.85952,0.85472,0.85501
2021-07-12 00:00:00+00:00,0.85424,0.85439,0.85389,0.85403
2021-07-13 00:00:00+00:00,0.85403,0.85648,0.8534,0.85409
2021-07-14 00:00:00+00:00,0.85409,0.85565,0.8519,0.85276
2021-07-15 00:00:00+00:00,0.85276,0.85416,0.85018,0.85379
2021-07-16 00:00:00+00:00,0.85379,0.85666,0.85092,0.85401
2021-07-17 00:00:00+00:00,0.85401,0.85782,0.85221,0.85754
2021-07-19 00:00:00+00:00,0.85731,0.85832,0.85715,0.85807
2021-07-20 00:00:00+00:00,0.85804,0.86403,0.85673,0.86249
2021-07-21 00:00:00+00:00,0.86249,0.86681,0.86182,0.86389
2021-07-22 00:00:00+00:00,0.8639,0.8657,0.85942,0.85981
2021-07-23 00:00:00+00:00,0.85981,0.86083,0.85388,0.85457
2021-07-24 00:00:00+00:00,0.85457,0.85827,0.85453,0.85598
2021-07-26 00:00:00+00:00,0.85508,0.85571,0.85506,0.85562
2021-07-27 00:00:00+00:00,0.85562,0.85717,0.85314,0.85362
2021-07-28 00:00:00+00:00,0.85362,0.85544,0.85065,0.85133
2021-07-29 00:00:00+00:00,0.85136,0.85212,0.84975,0.85165
2021-07-30 00:00:00+00:00,0.85165,0.85184,0.84983,0.85131
2021-07-31 00:00:00+00:00,0.85132,0.8536,0.85085,0.85334
2021-08-02 00:00:00+00:00,0.85245,0.85379,0.85114,0.85379
2021-08-03 00:00:00+00:00,0.85379,0.85565,0.85287,0.85462
2021-08-04 00:00:00+00:00,0.85461,0.85492,0.85209,0.85267
2021-08-05 00:00:00+00:00,0.85267,0.85309,0.85031,0.85206
2021-08-06 00:00:00+00:00,0.85206,0.85266,0.8489,0.84945
2021-08-07 00:00:00+00:00,0.84945,0.84975,0.84683,0.8472
2021-08-09 00:00:00+00:00,0.84683,0.8476,0.84683,0.847
2021-08-10 00:00:00+00:00,0.847,0.84847,0.84594,0.84739
2021-08-11 00:00:00+00:00,0.84739,0.84788,0.84485,0.84687
2021-08-12 00:00:00+00:00,0.84688,0.84824,0.84588,0.8466
2021-08-13 00:00:00+00:00,0.84659,0.85028,0.84588,0.84956
2021-08-14 00:00:00+00:00,0.84956,0.85167,0.84944,0.85041
2021-08-16 00:00:00+00:00,0.85003,0.85052,0.84986,0.85051
2021-08-17 00:00:00+00:00,0.85051,0.85143,0.84823,0.85074
2021-08-18 00:00:00+00:00,0.85075,0.8535,0.85062,0.852
2021-08-19 00:00:00+00:00,0.85202,0.85313,0.8504,0.85134
2021-08-20 00:00:00+00:00,0.85136,0.85661,0.85036,0.85646
2021-08-21 00:00:00+00:00,0.85647,0.85873,0.85625,0.85867
2021-08-23 00:00:00+00:00,0.85796,0.8585,0.85774,0.85833
2021-08-24 00:00:00+00:00,0.85833,0.85888,0.85485,0.85559
2021-08-25 00:00:00+00:00,0.85559,0.85712,0.85412,0.85614
2021-08-26 00:00:00+00:00,0.85614,0.85679,0.85481,0.85507
2021-08-27 00:00:00+00:00,0.85509,0.8582,0.85482,0.85773
2021-08-28 00:00:00+00:00,0.85773,0.85871,0.85542,0.85688
2021-08-30 00:00:00+00:00,0.85748,0.85762,0.85684,0.85708
2021-08-31 00:00:00+00:00,0.85708,0.85802,0.85626,0.85719
2021-09-01 00:00:00+00:00,0.85719,0.85973,0.85634,0.85857
2021-09-02 00:00:00+00:00,0.85857,0.86011,0.85719,0.85961
2021-09-03 00:00:00+00:00,0.85962,0.85995,0.85749,0.85798
2021-09-04 00:00:00+00:00,0.85798,0.85917,0.85603,0.85676
2021-09-06 00:00:00+00:00,0.85645,0.85752,0.85645,0.85749
2021-09-07 00:00:00+00:00,0.8575,0.85842,0.85647,0.8578
2021-09-08 00:00:00+00:00,0.8578,0.86122,0.85736,0.85929
2021-09-09 00:00:00+00:00,0.8593,0.86011,0.85716,0.85834
2021-09-10 00:00:00+00:00,0.85833,0.85868,0.8522,0.8542
2021-09-11 00:00:00+00:00,0.8542,0.85434,0.85186,0.8538
2021-09-13 00:00:00+00:00,0.85335,0.85364,0.85312,0.85332
2021-09-14 00:00:00+00:00,0.85331,0.8537,0.85085,0.85326
2021-09-15 00:00:00+00:00,0.85326,0.85502,0.8509,0.85456
2021-09-16 00:00:00+00:00,0.85457,0.85611,0.8527,0.85326
2021-09-17 00:00:00+00:00,0.85327,0.8546,0.8499,0.85246
2021-09-18 00:00:00+00:00,0.85245,0.85514,0.85207,0.85378
2021-09-20 00:00:00+00:00,0.85278,0.85424,0.85234,0.85416
2021-09-21 00:00:00+00:00,0.85416,0.85927,0.85391,0.85819
2021-09-22 00:00:00+00:00,0.85819,0.85933,0.85616,0.85814
2021-09-23 00:00:00+00:00,0.85814,0.86113,0.85718,0.85815
2021-09-24 00:00:00+00:00,0.85814,0.8588,0.85347,0.85546
2021-09-25 00:00:00+00:00,0.85546,0.85755,0.85477,0.85686
2021-09-27 00:00:00+00:00,0.85679,0.85759,0.85674,0.85745
2021-09-28 00:00:00+00:00,0.85745,0.85758,0.85256,0.85347
2021-09-29 00:00:00+00:00,0.85347,0.86392,0.85238,0.86279
2021-09-30 00:00:00+00:00,0.86279,0.86565,0.8611,0.86385
2021-10-01 00:00:00+00:00,0.86385,0.86412,0.85756,0.85915
2021-10-02 00:00:00+00:00,0.85916,0.86222,0.85425,0.85564
2021-10-04 00:00:00+00:00,0.85536,0.85583,0.85504,0.85512
2021-10-05 00:00:00+00:00,0.85512,0.85712,0.85294,0.85352
2021-10-06 00:00:00+00:00,0.85352,0.85434,0.85013,0.85079
2021-10-07 00:00:00+00:00,0.85078,0.85254,0.84931,0.84993
2021-10-08 00:00:00+00:00,0.84993,0.85209,0.8473,0.84856
2021-10-09 00:00:00+00:00,0.84855,0.84982,0.84763,0.84938
2021-10-11 00:00:00+00:00,0.84836,0.84959,0.84832,0.84922
2021-10-12 00:00:00+00:00,0.84922,0.85009,0.84703,0.84989
2021-10-13 00:00:00+00:00,0.84989,0.85168,0.84717,0.84911
2021-10-14 00:00:00+00:00,0.84912,0.84962,0.84712,0.84826
2021-10-15 00:00:00+00:00,0.84826,0.8486,0.84528,0.8478
2021-10-16 00:00:00+00:00,0.8478,0.84851,0.84217,0.84408
2021-10-18 00:00:00+00:00,0.84245,0.84326,0.84239,0.84253
2021-10-19 00:00:00+00:00,0.84252,0.84622,0.8423,0.8453
2021-10-20 00:00:00+00:00,0.8453,0.84615,0.84215,0.84313
2021-10-21 00:00:00+00:00,0.84313,0.8459,0.84184,0.84287
2021-10-22 00:00:00+00:00,0.84285,0.8442,0.84206,0.84272
2021-10-23 00:00:00+00:00,0.84272,0.84671,0.84196,0.8459
2021-10-25 00:00:00+00:00,0.84594,0.84623,0.84547,0.84555
2021-10-26 00:00:00+00:00,0.84554,0.84639,0.84239,0.84325
2021-10-27 00:00:00+00:00,0.84325,0.8433,0.84009,0.84222
2021-10-28 00:00:00+00:00,0.84223,0.84632,0.84188,0.84446
2021-10-29 00:00:00+00:00,0.84447,0.84744,0.84211,0.84646
2021-10-30 00:00:00+00:00,0.84649,0.84711,0.84316,0.84448
2021-11-01 00:00:00+00:00,0.8446,0.84476,0.84418,0.84441
2021-11-02 00:00:00+00:00,0.84442,0.84981,0.84407,0.84932
2021-11-03 00:00:00+00:00,0.84932,0.85118,0.84907,0.85023
2021-11-04 00:00:00+00:00,0.85022,0.8511,0.84706,0.84801
2021-11-05 00:00:00+00:00,0.84802,0.85633,0.846,0.85526
2021-11-06 00:00:00+00:00,0.85526,0.85933,0.8547,0.85713
2021-11-08 00:00:00+00:00,0.85688,0.85751,0.85516,0.85732
2021-11-09 00:00:00+00:00,0.85732,0.8587,0.85338,0.85412
2021-11-10 00:00:00+00:00,0.85412,0.85595,0.85186,0.85482
2021-11-11 00:00:00+00:00,0.85483,0.85629,0.85302,0.85617
2021-11-12 00:00:00+00:00,0.85616,0.85718,0.85413,0.85634
2021-11-13 00:00:00+00:00,0.85636,0.85638,0.85238,0.85268
2021-11-15 00:00:00+00:00,0.85235,0.85287,0.85232,0.85262
2021-11-16 00:00:00+00:00,0.85261,0.85359,0.84655,0.84745
2021-11-17 00:00:00+00:00,0.84744,0.84806,0.84248,0.84286
2021-11-18 00:00:00+00:00,0.84286,0.84345,0.83833,0.83888
2021-11-19 00:00:00+00:00,0.83888,0.84252,0.83814,0.84193
2021-11-20 00:00:00+00:00,0.84193,0.8425,0.83836,0.8395
2021-11-22 00:00:00+00:00,0.83853,0.8394,0.83812,0.83918
2021-11-23 00:00:00+00:00,0.83918,0.84017,0.83785,0.8389
2021-11-24 00:00:00+00:00,0.8389,0.84294,0.83833,0.84052
2021-11-25 00:00:00+00:00,0.84052,0.84132,0.83832,0.84023
2021-11-26 00:00:00+00:00,0.84024,0.84343,0.83971,0.84181
2021-11-27 00:00:00+00:00,0.84183,0.84941,0.84154,0.84689
2021-11-29 00:00:00+00:00,0.84683,0.84809,0.84546,0.84629
2021-11-30 00:00:00+00:00,0.84629,0.84822,0.84444,0.84797
2021-12-01 00:00:00+00:00,0.84799,0.85363,0.84715,0.85199
2021-12-02 00:00:00+00:00,0.852,0.85281,0.84909,0.85231
2021-12-03 00:00:00+00:00,0.85232,0.8525,0.84872,0.84988
2021-12-04 00:00:00+00:00,0.84989,0.85487,0.84914,0.85398
2021-12-06 00:00:00+00:00,0.854,0.85423,0.85073,0.85388
2021-12-07 00:00:00+00:00,0.85388,0.85403,0.84988,0.85061
2021-12-08 00:00:00+00:00,0.85062,0.85124,0.84886,0.851
2021-12-09 00:00:00+00:00,0.85105,0.85974,0.85089,0.85862
2021-12-10 00:00:00+00:00,0.85861,0.85889,0.85348,0.85384
2021-12-11 00:00:00+00:00,0.85382,0.85515,0.85239,0.85273
2021-12-13 00:00:00+00:00,0.85225,0.85353,0.8518,0.85299
2021-12-14 00:00:00+00:00,0.853,0.85484,0.84987,0.85378
2021-12-15 00:00:00+00:00,0.85377,0.85517,0.85054,0.85075
2021-12-16 00:00:00+00:00,0.85075,0.85267,0.84845,0.85113
2021-12-17 00:00:00+00:00,0.85113,0.85269,0.84521,0.85051
2021-12-18 00:00:00+00:00,0.85051,0.8526,0.84868,0.84886
2021-12-20 00:00:00+00:00,0.84812,0.84979,0.84809,0.84969
2021-12-21 00:00:00+00:00,0.84966,0.8549,0.84942,0.85353
2021-12-22 00:00:00+00:00,0.85353,0.85478,0.84964,0.85051
2021-12-23 00:00:00+00:00,0.85052,0.85095,0.84744,0.84825
2021-12-24 00:00:00+00:00,0.84825,0.84965,0.84142,0.84422
2021-12-25 00:00:00+00:00,0.84422,0.84624,0.84303,0.84357
2021-12-27 00:00:00+00:00,0.84366,0.84493,0.84366,0.84473
2021-12-28 00:00:00+00:00,0.84471,0.84534,0.84184,0.84272
2021-12-29 00:00:00+00:00,0.84272,0.84319,0.83989,0.84194
2021-12-30 00:00:00+00:00,0.842,0.84229,0.84011,0.84142
2021-12-31 00:00:00+00:00,0.84144,0.84146,0.83782,0.83868
2022-01-01 00:00:00+00:00,0.83868,0.84133,0.83662,0.84106
2022-01-03 00:00:00+00:00,0.83934,0.8409,0.83875,0.8409
2022-01-04 00:00:00+00:00,0.84089,0.84174,0.83692,0.8381
2022-01-05 00:00:00+00:00,0.83811,0.8393,0.8331,0.83376
2022-01-06 00:00:00+00:00,0.83376,0.83707,0.83261,0.83427
2022-01-07 00:00:00+00:00,0.83427,0.83707,0.83385,0.83446
2022-01-08 00:00:00+00:00,0.83446,0.83642,0.83296,0.83554
2022-01-10 00:00:00+00:00,0.835,0.83584,0.83495,0.83516
2022-01-11 00:00:00+00:00,0.83516,0.83553,0.83305,0.83415
2022-01-12 00:00:00+00:00,0.83415,0.83483,0.83221,0.83354
2022-01-13 00:00:00+00:00,0.83355,0.83538,0.83244,0.83446
2022-01-14 00:00:00+00:00,0.83445,0.83588,0.8335,0.83527
2022-01-15 00:00:00+00:00,0.83527,0.83608,0.83403,0.83428
2022-01-17 00:00:00+00:00,0.83386,0.8347,0.83379,0.83439
2022-01-18 00:00:00+00:00,0.83439,0.83604,0.83405,0.83591
2022-01-19 00:00:00+00:00,0.83592,0.83775,0.83202,0.83285
2022-01-20 00:00:00+00:00,0.83285,0.83402,0.83115,0.83331
2022-01-21 00:00:00+00:00,0.83331,0.83375,0.83035,0.83184
2022-01-22 00:00:00+00:00,0.83187,0.83752,0.83167,0.83662
2022-01-24 00:00:00+00:00,0.83627,0.83681,0.83604,0.83648
2022-01-25 00:00:00+00:00,0.83648,0.84212,0.83491,0.83933
2022-01-26 00:00:00+00:00,0.83934,0.84,0.83561,0.83651
2022-01-27 00:00:00+00:00,0.83651,0.83689,0.83403,0.83452
2022-01-28 00:00:00+00:00,0.83452,0.83564,0.83188,0.8323
2022-01-29 00:00:00+00:00,0.8323,0.83326,0.83039,0.83212
2022-01-31 00:00:00+00:00,0.83136,0.83202,0.83113,0.83189
2022-02-01 00:00:00+00:00,0.83194,0.83567,0.83032,0.83502
2022-02-02 00:00:00+00:00,0.83504,0.83586,0.83165,0.83336
2022-02-03 00:00:00+00:00,0.83336,0.83495,0.8321,0.83286
2022-02-04 00:00:00+00:00,0.83287,0.84153,0.82827,0.84086
2022-02-05 00:00:00+00:00,0.8408,0.84687,0.84047,0.8464
2022-02-07 00:00:00+00:00,0.84614,0.84665,0.84556,0.84623
2022-02-08 00:00:00+00:00,0.84624,0.84766,0.8437,0.84499
2022-02-09 00:00:00+00:00,0.84502,0.84557,0.84113,0.84286
2022-02-10 00:00:00+00:00,0.8429,0.84491,0.84115,0.84379
2022-02-11 00:00:00+00:00,0.84378,0.84447,0.84093,0.84204
2022-02-12 00:00:00+00:00,0.84204,0.84217,0.83581,0.8368
2022-02-14 00:00:00+00:00,0.83611,0.83747,0.83562,0.83733
2022-02-15 00:00:00+00:00,0.83737,0.83854,0.8345,0.83531
2022-02-16 00:00:00+00:00,0.83531,0.83984,0.83495,0.83846
2022-02-17 00:00:00+00:00,0.83847,0.84009,0.83638,0.83717
2022-02-18 00:00:00+00:00,0.83722,0.83758,0.83326,0.83451
2022-02-19 00:00:00+00:00,0.83449,0.83548,0.8326,0.83268
2022-02-21 00:00:00+00:00,0.83238,0.83274,0.83231,0.83247
2022-02-22 00:00:00+00:00,0.8325,0.835,0.83065,0.83172
2022-02-23 00:00:00+00:00,0.83171,0.83814,0.83092,0.83354
2022-02-24 00:00:00+00:00,0.8335,0.83528,0.83237,0.83448
2022-02-25 00:00:00+00:00,0.83449,0.83766,0.83045,0.83669
2022-02-26 00:00:00+00:00,0.83669,0.84046,0.83441,0.83982
2022-02-28 00:00:00+00:00,0.83531,0.83679,0.83415,0.83592
2022-03-01 00:00:00+00:00,0.83593,0.83811,0.83406,0.83533
2022-03-02 00:00:00+00:00,0.83534,0.83659,0.83146,0.8346
2022-03-03 00:00:00+00:00,0.83462,0.83586,0.82899,0.82929
2022-03-04 00:00:00+00:00,0.82928,0.82982,0.82734,0.82867
2022-03-05 00:00:00+00:00,0.82869,0.8289,0.82289,0.82516
2022-03-07 00:00:00+00:00,0.82437,0.82582,0.82235,0.82283
2022-03-08 00:00:00+00:00,0.82284,0.83033,0.82013,0.82845
2022-03-09 00:00:00+00:00,0.82844,0.83455,0.82771,0.83182
2022-03-10 00:00:00+00:00,0.83187,0.84161,0.83151,0.8397
2022-03-11 00:00:00+00:00,0.83969,0.84344,0.83649,0.84038
2022-03-12 00:00:00+00:00,0.84039,0.84177,0.83589,0.83685
2022-03-14 00:00:00+00:00,0.83652,0.83832,0.83579,0.83756
2022-03-15 00:00:00+00:00,0.83755,0.84283,0.83728,0.84093
2022-03-16 00:00:00+00:00,0.84096,0.84542,0.83807,0.84056
2022-03-17 00:00:00+00:00,0.84057,0.84277,0.83777,0.83858
2022-03-18 00:00:00+00:00,0.83862,0.84565,0.83633,0.84329
2022-03-19 00:00:00+00:00,0.84331,0.84361,0.83758,0.83829
2022-03-21 00:00:00+00:00,0.83842,0.83905,0.83812,0.83896
2022-03-22 00:00:00+00:00,0.83896,0.84148,0.83593,0.83643
2022-03-23 00:00:00+00:00,0.83643,0.83704,0.83033,0.83125
2022-03-24 00:00:00+00:00,0.83126,0.83387,0.82942,0.83328
2022-03-25 00:00:00+00:00,0.83325,0.83487,0.83152,0.83415
2022-03-26 00:00:00+00:00,0.83418,0.83683,0.83226,0.83256
2022-03-28 00:00:00+00:00,0.83273,0.83381,0.83255,0.83345
2022-03-29 00:00:00+00:00,0.83348,0.83985,0.83203,0.83889
2022-03-30 00:00:00+00:00,0.83888,0.84806,0.83841,0.84692
2022-03-31 00:00:00+00:00,0.84694,0.84963,0.84489,0.8494
2022-04-01 00:00:00+00:00,0.84939,0.85108,0.8411,0.84214
2022-04-02 00:00:00+00:00,0.84216,0.84394,0.84065,0.84228
2022-04-04 00:00:00+00:00,0.84185,0.84273,0.8418,0.84271
2022-04-05 00:00:00+00:00,0.8427,0.84294,0.83587,0.83682
2022-04-06 00:00:00+00:00,0.83682,0.83721,0.83245,0.83384
2022-04-07 00:00:00+00:00,0.83384,0.83519,0.83242,0.83367
2022-04-08 00:00:00+00:00,0.83367,0.83632,0.8309,0.83113
2022-04-09 00:00:00+00:00,0.83118,0.836,0.83058,0.83443
2022-04-11 00:00:00+00:00,0.83687,0.83714,0.8349,0.83515
2022-04-12 00:00:00+00:00,0.83515,0.83783,0.83412,0.83505
2022-04-13 00:00:00+00:00,0.83505,0.83592,0.8318,0.8325
2022-04-14 00:00:00+00:00,0.8325,0.83419,0.82922,0.83033
2022-04-15 00:00:00+00:00,0.83034,0.83131,0.8248,0.82784
2022-04-16 00:00:00+00:00,0.82786,0.82825,0.8258,0.82687
2022-04-18 00:00:00+00:00,0.82743,0.82855,0.82714,0.82808
2022-04-19 00:00:00+00:00,0.82806,0.8295,0.82626,0.82859
2022-04-20 00:00:00+00:00,0.82856,0.8313,0.82781,0.82924
2022-04-21 00:00:00+00:00,0.82925,0.83338,0.82816,0.83003
2022-04-22 00:00:00+00:00,0.83006,0.83654,0.82941,0.83174
2022-04-23 00:00:00+00:00,0.83174,0.84124,0.83163,0.8412
2022-04-25 00:00:00+00:00,0.84157,0.84251,0.84139,0.84244
2022-04-26 00:00:00+00:00,0.84247,0.84398,0.83956,0.84082
2022-04-27 00:00:00+00:00,0.84081,0.84655,0.83914,0.84573
2022-04-28 00:00:00+00:00,0.84573,0.8463,0.83877,0.8415
2022-04-29 00:00:00+00:00,0.8415,0.84587,0.8381,0.84245
2022-04-30 00:00:00+00:00,0.84245,0.84285,0.83812,0.83864
2022-05-02 00:00:00+00:00,0.83876,0.83878,0.83758,0.83792
2022-05-03 00:00:00+00:00,0.83792,0.84159,0.83655,0.84066
2022-05-04 00:00:00+00:00,0.84066,0.84289,0.83706,0.84194
2022-05-05 00:00:00+00:00,0.84195,0.84486,0.83948,0.84163
2022-05-06 00:00:00+00:00,0.84163,0.8544,0.84104,0.85241
2022-05-07 00:00:00+00:00,0.85241,0.85899,0.8508,0.85442
2022-05-09 00:00:00+00:00,0.85358,0.85445,0.85358,0.85432
2022-05-10 00:00:00+00:00,0.85431,0.85699,0.85143,0.85612
2022-05-11 00:00:00+00:00,0.85613,0.85771,0.85338,0.85533
2022-05-12 00:00:00+00:00,0.85535,0.85918,0.85225,0.85908
2022-05-13 00:00:00+00:00,0.85909,0.86172,0.84919,0.85023
2022-05-14 00:00:00+00:00,0.85024,0.85271,0.84941,0.8495
2022-05-16 00:00:00+00:00,0.84827,0.84919,0.84804,0.84815
2022-05-17 00:00:00+00:00,0.84811,0.85324,0.84593,0.84673
2022-05-18 00:00:00+00:00,0.84673,0.84734,0.83915,0.8446
2022-05-19 00:00:00+00:00,0.8446,0.84927,0.84294,0.8482
2022-05-20 00:00:00+00:00,0.84824,0.84938,0.84458,0.84869
2022-05-21 00:00:00+00:00,0.8487,0.84915,0.8447,0.84517
2022-05-23 00:00:00+00:00,0.84504,0.84613,0.84438,0.84517
2022-05-24 00:00:00+00:00,0.84516,0.85023,0.84315,0.84998
2022-05-25 00:00:00+00:00,0.84997,0.85856,0.84786,0.8556
2022-05-26 00:00:00+00:00,0.8556,0.85606,0.84802,0.84894
2022-05-27 00:00:00+00:00,0.84894,0.85279,0.84836,0.85048
2022-05-28 00:00:00+00:00,0.8505,0.85143,0.84799,0.84966
2022-05-30 00:00:00+00:00,0.84972,0.84979,0.84916,0.84971
2022-05-31 00:00:00+00:00,0.84971,0.85267,0.84933,0.85186
2022-06-01 00:00:00+00:00,0.85186,0.85275,0.84882,0.85122
2022-06-02 00:00:00+00:00,0.85122,0.85427,0.85021,0.85306
2022-06-03 00:00:00+00:00,0.85306,0.85487,0.85088,0.85449
2022-06-04 00:00:00+00:00,0.85449,0.85766,0.85334,0.85759
2022-06-06 00:00:00+00:00,0.85731,0.85856,0.85731,0.85853
2022-06-07 00:00:00+00:00,0.85853,0.8588,0.8524,0.8534
2022-06-08 00:00:00+00:00,0.8534,0.85832,0.84871,0.84966
2022-06-09 00:00:00+00:00,0.84969,0.85629,0.84955,0.85442
2022-06-10 00:00:00+00:00,0.85444,0.85904,0.84844,0.84987
2022-06-11 00:00:00+00:00,0.84988,0.85479,0.84894,0.85429
2022-06-13 00:00:00+00:00,0.85297,0.85518,0.8523,0.8544
2022-06-14 00:00:00+00:00,0.85442,0.85926,0.853,0.85757
2022-06-15 00:00:00+00:00,0.85757,0.87145,0.85506,0.86885
2022-06-16 00:00:00+00:00,0.86885,0.87197,0.8564,0.85876
2022-06-17 00:00:00+00:00,0.85876,0.8632,0.851,0.85379
2022-06-18 00:00:00+00:00,0.8538,0.85939,0.85216,0.85911
2022-06-20 00:00:00+00:00,0.85749,0.85852,0.85749,0.85773
2022-06-21 00:00:00+00:00,0.85771,0.86106,0.85592,0.85851
2022-06-22 00:00:00+00:00,0.85853,0.86088,0.85666,0.85856
2022-06-23 00:00:00+00:00,0.85858,0.86237,0.85707,0.86211
2022-06-24 00:00:00+00:00,0.86212,0.86397,0.85683,0.8579
2022-06-25 00:00:00+00:00,0.85789,0.86004,0.85599,0.85926
2022-06-27 00:00:00+00:00,0.85973,0.86015,0.8591,0.86011
2022-06-28 00:00:00+00:00,0.86013,0.86284,0.85762,0.86234
2022-06-29 00:00:00+00:00,0.86234,0.86449,0.86098,0.86316
2022-06-30 00:00:00+00:00,0.86317,0.86601,0.85975,0.86106
2022-07-01 00:00:00+00:00,0.86109,0.86189,0.85496,0.86152
2022-07-02 00:00:00+00:00,0.86153,0.86773,0.86111,0.86194
2022-07-04 00:00:00+00:00,0.86093,0.86207,0.86051,0.86203
2022-07-05 00:00:00+00:00,0.86211,0.86255,0.85937,0.86111
2022-07-06 00:00:00+00:00,0.86111,0.86222,0.85419,0.85805
2022-07-07 00:00:00+00:00,0.85808,0.86013,0.85266,0.85409
2022-07-08 00:00:00+00:00,0.85411,0.85525,0.84437,0.84518
2022-07-09 00:00:00+00:00,0.84517,0.8474,0.84379,0.84583
2022-07-11 00:00:00+00:00,0.84534,0.84602,0.84508,0.84589
2022-07-12 00:00:00+00:00,0.84589,0.84878,0.84277,0.84409
2022-07-13 00:00:00+00:00,0.84412,0.84827,0.84255,0.84428
2022-07-14 00:00:00+00:00,0.84429,0.84665,0.84018,0.84563
2022-07-15 00:00:00+00:00,0.84567,0.84973,0.84391,0.84661
2022-07-16 00:00:00+00:00,0.84663,0.85123,0.84632,0.84948
2022-07-18 00:00:00+00:00,0.84855,0.84986,0.84843,0.84908
2022-07-19 00:00:00+00:00,0.84908,0.85037,0.84562,0.84898
2022-07-20 00:00:00+00:00,0.84901,0.85385,0.84753,0.8522
2022-07-21 00:00:00+00:00,0.85224,0.85394,0.84833,0.85053
2022-07-22 00:00:00+00:00,0.85053,0.8583,0.85034,0.85187
2022-07-23 00:00:00+00:00,0.85187,0.85219,0.84852,0.85104
2022-07-25 00:00:00+00:00,0.85076,0.85129,0.84974,0.85085
2022-07-26 00:00:00+00:00,0.85085,0.85232,0.84668,0.84797
2022-07-27 00:00:00+00:00,0.84795,0.84902,0.83998,0.84136
2022-07-28 00:00:00+00:00,0.84136,0.84249,0.83745,0.83894
2022-07-29 00:00:00+00:00,0.83894,0.84022,0.83444,0.83713
2022-07-30 00:00:00+00:00,0.83713,0.84139,0.8367,0.83913
2022-08-01 00:00:00+00:00,0.83851,0.8398,0.838,0.83896
2022-08-02 00:00:00+00:00,0.83896,0.8398,0.83491,0.83712
2022-08-03 00:00:00+00:00,0.83715,0.83986,0.83371,0.83619
2022-08-04 00:00:00+00:00,0.83619,0.83719,0.83403,0.83661
2022-08-05 00:00:00+00:00,0.83661,0.84359,0.83393,0.84265
2022-08-06 00:00:00+00:00,0.84267,0.84516,0.84091,0.84314
2022-08-08 00:00:00+00:00,0.84311,0.84362,0.84268,0.84321
2022-08-09 00:00:00+00:00,0.84324,0.84436,0.84086,0.84369
2022-08-10 00:00:00+00:00,0.84368,0.84606,0.84322,0.84548
2022-08-11 00:00:00+00:00,0.84551,0.84692,0.84168,0.84328
2022-08-12 00:00:00+00:00,0.84328,0.84689,0.84285,0.84613
2022-08-13 00:00:00+00:00,0.84614,0.84912,0.84441,0.84522
2022-08-15 00:00:00+00:00,0.84477,0.8457,0.84463,0.84535
2022-08-16 00:00:00+00:00,0.84534,0.84695,0.84176,0.84267
2022-08-17 00:00:00+00:00,0.84268,0.84384,0.83929,0.84068
2022-08-18 00:00:00+00:00,0.84067,0.8449,0.83859,0.84476
2022-08-19 00:00:00+00:00,0.84476,0.84649,0.84234,0.8455
2022-08-20 00:00:00+00:00,0.8455,0.85102,0.84527,0.84854
2022-08-22 00:00:00+00:00,0.84767,0.84921,0.84721,0.84901
2022-08-23 00:00:00+00:00,0.84899,0.84907,0.8433,0.84453
2022-08-24 00:00:00+00:00,0.84454,0.84523,0.84068,0.84231
2022-08-25 00:00:00+00:00,0.84232,0.84554,0.84067,0.8453
2022-08-26 00:00:00+00:00,0.84529,0.84598,0.84164,0.84323
2022-08-27 00:00:00+00:00,0.84323,0.85012,0.84289,0.84903
2022-08-29 00:00:00+00:00,0.84862,0.85032,0.84845,0.84986
2022-08-30 00:00:00+00:00,0.84987,0.85485,0.8495,0.8539
2022-08-31 00:00:00+00:00,0.8539,0.86024,0.85204,0.85961
2022-09-01 00:00:00+00:00,0.85962,0.86598,0.85694,0.86543
2022-09-02 00:00:00+00:00,0.86543,0.86686,0.8604,0.86165
2022-09-03 00:00:00+00:00,0.86166,0.86752,0.86127,0.86465
2022-09-05 00:00:00+00:00,0.86384,0.86436,0.86326,0.86342
2022-09-06 00:00:00+00:00,0.86343,0.86531,0.85964,0.86024
2022-09-07 00:00:00+00:00,0.86026,0.86193,0.85652,0.85967
2022-09-08 00:00:00+00:00,0.85967,0.86876,0.85959,0.86755
2022-09-09 00:00:00+00:00,0.86756,0.87104,0.86528,0.86874
2022-09-10 00:00:00+00:00,0.86877,0.87051,0.86582,0.8665
2022-09-12 00:00:00+00:00,0.86721,0.86758,0.86612,0.8665
2022-09-13 00:00:00+00:00,0.86651,0.8721,0.8648,0.8664
2022-09-14 00:00:00+00:00,0.8664,0.86927,0.86464,0.86732
2022-09-15 00:00:00+00:00,0.86732,0.86828,0.86242,0.86455
2022-09-16 00:00:00+00:00,0.86455,0.8722,0.86408,0.87201
2022-09-17 00:00:00+00:00,0.87203,0.87829,0.87142,0.8763
2022-09-19 00:00:00+00:00,0.87641,0.87687,0.87627,0.87634
2022-09-20 00:00:00+00:00,0.87635,0.8786,0.87457,0.87622
2022-09-21 00:00:00+00:00,0.87621,0.87814,0.87229,0.87599
2022-09-22 00:00:00+00:00,0.87599,0.87627,0.87061,0.87318
2022-09-23 00:00:00+00:00,0.87317,0.87587,0.86879,0.8734
2022-09-24 00:00:00+00:00,0.8734,0.89337,0.87096,0.89163
2022-09-26 00:00:00+00:00,0.89376,0.89799,0.8932,0.89723
2022-09-27 00:00:00+00:00,0.89719,0.92401,0.88514,0.8933
2022-09-28 00:00:00+00:00,0.89326,0.89836,0.88951,0.89442
2022-09-29 00:00:00+00:00,0.89444,0.90645,0.88508,0.89595
2022-09-30 00:00:00+00:00,0.89594,0.89779,0.87787,0.87968
2022-10-01 00:00:00+00:00,0.8797,0.8848,0.87509,0.87751
2022-10-03 00:00:00+00:00,0.87516,0.87996,0.87505,0.87927
2022-10-04 00:00:00+00:00,0.87928,0.88294,0.86663,0.86713
2022-10-05 00:00:00+00:00,0.86716,0.87433,0.86475,0.8717
2022-10-06 00:00:00+00:00,0.87172,0.87752,0.86922,0.87263
2022-10-07 00:00:00+00:00,0.8726,0.88174,0.87167,0.87692
2022-10-08 00:00:00+00:00,0.87695,0.88056,0.87345,0.87878
2022-10-10 00:00:00+00:00,0.8776,0.87948,0.87752,0.879
2022-10-11 00:00:00+00:00,0.879,0.88124,0.87433,0.87638
2022-10-12 00:00:00+00:00,0.87635,0.88589,0.87238,0.88455
2022-10-13 00:00:00+00:00,0.88452,0.88653,0.87227,0.87413
2022-10-14 00:00:00+00:00,0.87414,0.87652,0.86073,0.86406
2022-10-15 00:00:00+00:00,0.86409,0.87137,0.86078,0.86956
2022-10-17 00:00:00+00:00,0.86615,0.86729,0.8646,0.86623
2022-10-18 00:00:00+00:00,0.86623,0.86848,0.85778,0.86693
2022-10-19 00:00:00+00:00,0.86693,0.87301,0.86321,0.86937
2022-10-20 00:00:00+00:00,0.8694,0.87289,0.86724,0.8712
2022-10-21 00:00:00+00:00,0.87124,0.87559,0.86725,0.87122
2022-10-22 00:00:00+00:00,0.87123,0.87792,0.87116,0.8724
2022-10-24 00:00:00+00:00,0.86712,0.87057,0.86642,0.86956
2022-10-25 00:00:00+00:00,0.86956,0.87629,0.86609,0.87408
2022-10-26 00:00:00+00:00,0.87405,0.87559,0.86635,0.86921
2022-10-27 00:00:00+00:00,0.86918,0.86985,0.86445,0.86703
2022-10-28 00:00:00+00:00,0.86705,0.86872,0.86006,0.86168
2022-10-29 00:00:00+00:00,0.86159,0.86502,0.85703,0.85765
2022-10-31 00:00:00+00:00,0.85722,0.85866,0.85684,0.85834
2022-11-01 00:00:00+00:00,0.85834,0.86244,0.85711,0.86191
2022-11-02 00:00:00+00:00,0.86193,0.86228,0.85917,0.85964
2022-11-03 00:00:00+00:00,0.85964,0.86293,0.85837,0.86196
2022-11-04 00:00:00+00:00,0.86201,0.87418,0.86065,0.87261
2022-11-05 00:00:00+00:00,0.87261,0.87835,0.8698,0.87558
2022-11-07 00:00:00+00:00,0.87528,0.87728,0.87391,0.87605
2022-11-08 00:00:00+00:00,0.87605,0.87894,0.86832,0.86998
2022-11-09 00:00:00+00:00,0.86997,0.87428,0.86902,0.87247
2022-11-10 00:00:00+00:00,0.87247,0.88271,0.87138,0.88117
2022-11-11 00:00:00+00:00,0.88119,0.88125,0.86987,0.87136
2022-11-12 00:00:00+00:00,0.87137,0.87774,0.87097,0.87435
2022-11-14 00:00:00+00:00,0.87527,0.87634,0.87305,0.87523
2022-11-15 00:00:00+00:00,0.87526,0.88212,0.87258,0.87798
2022-11-16 00:00:00+00:00,0.87797,0.88044,0.8707,0.8717
2022-11-17 00:00:00+00:00,0.87172,0.87744,0.87105,0.87219
2022-11-18 00:00:00+00:00,0.8722,0.87714,0.86937,0.87353
2022-11-19 00:00:00+00:00,0.87354,0.87354,0.8677,0.86864
2022-11-21 00:00:00+00:00,0.86693,0.8692,0.86641,0.86902
2022-11-22 00:00:00+00:00,0.869,0.86962,0.86562,0.86612
2022-11-23 00:00:00+00:00,0.86613,0.86796,0.86305,0.86674
2022-11-24 00:00:00+00:00,0.86675,0.86995,0.85852,0.86243
2022-11-25 00:00:00+00:00,0.86244,0.86338,0.85705,0.85911
2022-11-26 00:00:00+00:00,0.85911,0.86142,0.85759,0.86005
2022-11-28 00:00:00+00:00,0.85862,0.86028,0.85862,0.85987
2022-11-29 00:00:00+00:00,0.85987,0.86744,0.85852,0.86472
2022-11-30 00:00:00+00:00,0.86467,0.8651,0.86057,0.86404
2022-12-01 00:00:00+00:00,0.86405,0.86598,0.86084,0.86303
2022-12-02 00:00:00+00:00,0.863,0.86406,0.85459,0.85867
2022-12-03 00:00:00+00:00,0.85867,0.86074,0.85538,0.85744
2022-12-05 00:00:00+00:00,0.85708,0.85829,0.85655,0.85732
2022-12-06 00:00:00+00:00,0.85732,0.86333,0.8565,0.8607
2022-12-07 00:00:00+00:00,0.86071,0.86315,0.85743,0.86256
2022-12-08 00:00:00+00:00,0.86255,0.86418,0.85956,0.86078
2022-12-09 00:00:00+00:00,0.86077,0.86449,0.86036,0.86263
2022-12-10 00:00:00+00:00,0.86264,0.86361,0.8561,0.85893
2022-12-12 00:00:00+00:00,0.85861,0.85972,0.85793,0.85969
2022-12-13 00:00:00+00:00,0.85968,0.86161,0.85729,0.85902
2022-12-14 00:00:00+00:00,0.85902,0.86042,0.85557,0.8598
2022-12-15 00:00:00+00:00,0.85982,0.86157,0.85692,0.85951
2022-12-16 00:00:00+00:00,0.85952,0.87275,0.85919,0.87252
2022-12-17 00:00:00+00:00,0.87252,0.87702,0.87027,0.87076
2022-12-19 00:00:00+00:00,0.87013,0.87109,0.86916,0.8703
2022-12-20 00:00:00+00:00,0.8703,0.87356,0.86893,0.87296
2022-12-21 00:00:00+00:00,0.87296,0.87699,0.87075,0.87157
2022-12-22 00:00:00+00:00,0.87158,0.87882,0.87141,0.87829
2022-12-23 00:00:00+00:00,0.8783,0.88324,0.87646,0.88052
2022-12-24 00:00:00+00:00,0.8805,0.88231,0.8782,0.88115
2022-12-26 00:00:00+00:00,0.88115,0.88115,0.8788,0.87943
2022-12-27 00:00:00+00:00,0.87949,0.88131,0.87809,0.88043
2022-12-28 00:00:00+00:00,0.88037,0.88616,0.87993,0.8843
2022-12-29 00:00:00+00:00,0.88428,0.88591,0.87924,0.88351
2022-12-30 00:00:00+00:00,0.88341,0.88582,0.88206,0.88417
2022-12-31 00:00:00+00:00,0.88417,0.88755,0.88211,0.88548
2023-01-03 00:00:00+00:00,0.88512,0.88546,0.8832,0.88491
2023-01-04 00:00:00+00:00,0.88489,0.8861,0.87812,0.88111
2023-01-05 00:00:00+00:00,0.88113,0.88198,0.87703,0.87957
2023-01-06 00:00:00+00:00,0.87953,0.88616,0.8795,0.88327
2023-01-07 00:00:00+00:00,0.88327,0.88693,0.87959,0.88005
2023-01-09 00:00:00+00:00,0.87945,0.8805,0.87908,0.8796
2023-01-10 00:00:00+00:00,0.8796,0.88223,0.87674,0.88072
2023-01-11 00:00:00+00:00,0.88071,0.8845,0.88002,0.8834
2023-01-12 00:00:00+00:00,0.8834,0.88801,0.88274,0.88522
2023-01-13 00:00:00+00:00,0.88523,0.88941,0.88311,0.88874
2023-01-14 00:00:00+00:00,0.88874,0.88958,0.88501,0.88527
2023-01-16 00:00:00+00:00,0.88534,0.88607,0.88414,0.88524
2023-01-17 00:00:00+00:00,0.88525,0.88773,0.88451,0.88695
2023-01-18 00:00:00+00:00,0.88691,0.8886,0.87739,0.87821
2023-01-19 00:00:00+00:00,0.87821,0.88021,0.87296,0.87436
2023-01-20 00:00:00+00:00,0.87433,0.87859,0.87205,0.87405
2023-01-21 00:00:00+00:00,0.87405,0.87849,0.87396,0.87576
2023-01-23 00:00:00+00:00,0.87608,0.87614,0.87526,0.87554
2023-01-24 00:00:00+00:00,0.87553,0.88137,0.87553,0.87806
2023-01-25 00:00:00+00:00,0.87806,0.88456,0.87656,0.88292
2023-01-26 00:00:00+00:00,0.88293,0.88506,0.8785,0.8798
2023-01-27 00:00:00+00:00,0.87982,0.88132,0.87693,0.87731
2023-01-28 00:00:00+00:00,0.87731,0.88033,0.87635,0.87676
2023-01-30 00:00:00+00:00,0.87644,0.87692,0.87605,0.87653
2023-01-31 00:00:00+00:00,0.87654,0.8802,0.8761,0.87839
2023-02-01 00:00:00+00:00,0.87842,0.88286,0.87705,0.88224
2023-02-02 00:00:00+00:00,0.88224,0.88956,0.88157,0.88886
2023-02-03 00:00:00+00:00,0.88885,0.89544,0.88757,0.89211
2023-02-04 00:00:00+00:00,0.89212,0.89776,0.89112,0.89553
2023-02-06 00:00:00+00:00,0.89566,0.89629,0.8952,0.89569
2023-02-07 00:00:00+00:00,0.89567,0.89625,0.89134,0.89199
2023-02-08 00:00:00+00:00,0.89198,0.89392,0.88896,0.89003
2023-02-09 00:00:00+00:00,0.89004,0.89097,0.88669,0.88755
2023-02-10 00:00:00+00:00,0.88755,0.88827,0.8837,0.88624
2023-02-11 00:00:00+00:00,0.88617,0.88712,0.88223,0.88576
2023-02-13 00:00:00+00:00,0.88436,0.88586,0.88413,0.88581
2023-02-14 00:00:00+00:00,0.88582,0.88734,0.88208,0.88304
2023-02-15 00:00:00+00:00,0.88304,0.88466,0.87945,0.88169
2023-02-16 00:00:00+00:00,0.88164,0.89013,0.88145,0.88804
2023-02-17 00:00:00+00:00,0.88804,0.89081,0.88682,0.89055
2023-02-18 00:00:00+00:00,0.89053,0.89275,0.88716,0.88784
2023-02-20 00:00:00+00:00,0.88784,0.88845,0.88748,0.888
2023-02-21 00:00:00+00:00,0.88799,0.88902,0.88689,0.88717
2023-02-22 00:00:00+00:00,0.88716,0.88851,0.87843,0.87942
2023-02-23 00:00:00+00:00,0.87941,0.88209,0.87824,0.8802
2023-02-24 00:00:00+00:00,0.88021,0.88223,0.87919,0.88172
2023-02-25 00:00:00+00:00,0.88172,0.88346,0.87967,0.88297
2023-02-27 00:00:00+00:00,0.88147,0.88304,0.88134,0.88294
2023-02-28 00:00:00+00:00,0.88295,0.88343,0.87808,0.87943
2023-03-01 00:00:00+00:00,0.87943,0.88104,0.87535,0.87882
2023-03-02 00:00:00+00:00,0.87881,0.88954,0.87861,0.88691
2023-03-03 00:00:00+00:00,0.88693,0.88905,0.88548,0.88675
2023-03-04 00:00:00+00:00,0.88675,0.88678,0.88251,0.88284
2023-03-06 00:00:00+00:00,0.88164,0.88329,0.88106,0.88326
2023-03-07 00:00:00+00:00,0.88322,0.8886,0.88298,0.88843
2023-03-08 00:00:00+00:00,0.88846,0.89239,0.88551,0.8917
2023-03-09 00:00:00+00:00,0.89171,0.89207,0.88947,0.89009
2023-03-10 00:00:00+00:00,0.89008,0.89124,0.88642,0.88768
2023-03-11 00:00:00+00:00,0.88768,0.88884,0.8813,0.88441
2023-03-13 00:00:00+00:00,0.88432,0.88537,0.88328,0.88432
2023-03-14 00:00:00+00:00,0.88433,0.88619,0.87977,0.88114
2023-03-15 00:00:00+00:00,0.88114,0.88349,0.87765,0.88265
2023-03-16 00:00:00+00:00,0.88266,0.88422,0.8717,0.87675
2023-03-17 00:00:00+00:00,0.87675,0.88178,0.87461,0.87627
2023-03-18 00:00:00+00:00,0.87627,0.87816,0.87435,0.87586
2023-03-20 00:00:00+00:00,0.87515,0.87626,0.87474,0.87624
2023-03-21 00:00:00+00:00,0.87624,0.87678,0.87154,0.8731
2023-03-22 00:00:00+00:00,0.87312,0.88384,0.87288,0.88102
2023-03-23 00:00:00+00:00,0.88104,0.88543,0.87707,0.88507
2023-03-24 00:00:00+00:00,0.88508,0.88638,0.88097,0.88206
2023-03-25 00:00:00+00:00,0.88211,0.88255,0.87756,0.87983
2023-03-27 00:00:00+00:00,0.87961,0.88058,0.87866,0.88001
2023-03-28 00:00:00+00:00,0.87998,0.88025,0.87746,0.87867
2023-03-29 00:00:00+00:00,0.87867,0.88056,0.87696,0.87891
2023-03-30 00:00:00+00:00,0.87892,0.88101,0.87792,0.88061
2023-03-31 00:00:00+00:00,0.88062,0.8827,0.8778,0.88017
2023-04-01 00:00:00+00:00,0.88018,0.88065,0.87752,0.87899
2023-04-03 00:00:00+00:00,0.87917,0.8794,0.87787,0.87908
2023-04-04 00:00:00+00:00,0.87909,0.88055,0.87698,0.87798
2023-04-05 00:00:00+00:00,0.87798,0.87844,0.87278,0.87653
2023-04-06 00:00:00+00:00,0.87654,0.8784,0.8738,0.8747
2023-04-07 00:00:00+00:00,0.87472,0.87843,0.87377,0.87773
2023-04-08 00:00:00+00:00,0.87776,0.87892,0.87641,0.87728
2023-04-10 00:00:00+00:00,0.87726,0.87823,0.87726,0.8777
2023-04-11 00:00:00+00:00,0.87772,0.87901,0.87626,0.87696
2023-04-12 00:00:00+00:00,0.87697,0.87882,0.87614,0.87811
2023-04-13 00:00:00+00:00,0.87812,0.88183,0.87809,0.88015
2023-04-14 00:00:00+00:00,0.88015,0.88377,0.87907,0.88225
2023-04-15 00:00:00+00:00,0.88227,0.88586,0.88222,0.8855
2023-04-17 00:00:00+00:00,0.885,0.88581,0.88498,0.88558
2023-04-18 00:00:00+00:00,0.88559,0.88628,0.88081,0.88273
2023-04-19 00:00:00+00:00,0.88273,0.88321,0.88081,0.88314
2023-04-20 00:00:00+00:00,0.88315,0.88364,0.87903,0.88105
2023-04-21 00:00:00+00:00,0.88105,0.88243,0.88013,0.88148
2023-04-22 00:00:00+00:00,0.88148,0.88599,0.88115,0.88299
2023-04-24 00:00:00+00:00,0.8829,0.8832,0.88274,0.88286
2023-04-25 00:00:00+00:00,0.88286,0.88581,0.88237,0.8845
2023-04-26 00:00:00+00:00,0.88454,0.88738,0.88338,0.88415
2023-04-27 00:00:00+00:00,0.88416,0.8872,0.88352,0.88553
2023-04-28 00:00:00+00:00,0.88554,0.88707,0.88176,0.88258
2023-04-29 00:00:00+00:00,0.8826,0.88376,0.87658,0.87665
2023-05-01 00:00:00+00:00,0.87652,0.87683,0.87635,0.87663
2023-05-02 00:00:00+00:00,0.87664,0.8793,0.87586,0.87842
2023-05-03 00:00:00+00:00,0.87843,0.88259,0.87826,0.88238
2023-05-04 00:00:00+00:00,0.88238,0.88335,0.87897,0.88055
2023-05-05 00:00:00+00:00,0.88056,0.88122,0.87444,0.87593
2023-05-06 00:00:00+00:00,0.87592,0.87665,0.87115,0.87194
2023-05-08 00:00:00+00:00,0.87228,0.87253,0.87205,0.87227
2023-05-09 00:00:00+00:00,0.87227,0.87451,0.87076,0.87173
2023-05-10 00:00:00+00:00,0.87174,0.87176,0.86718,0.8684
2023-05-11 00:00:00+00:00,0.86843,0.87,0.86613,0.86976
2023-05-12 00:00:00+00:00,0.86975,0.87334,0.86597,0.87233
2023-05-13 00:00:00+00:00,0.87233,0.87309,0.86921,0.87145
2023-05-15 00:00:00+00:00,0.87103,0.87165,0.87076,0.87147
2023-05-16 00:00:00+00:00,0.87149,0.87175,0.86739,0.86803
2023-05-17 00:00:00+00:00,0.86802,0.87172,0.86801,0.87019
2023-05-18 00:00:00+00:00,0.87019,0.87195,0.86668,0.86811
2023-05-19 00:00:00+00:00,0.86811,0.87007,0.86675,0.86801
2023-05-20 00:00:00+00:00,0.86801,0.86943,0.86672,0.86789
2023-05-22 00:00:00+00:00,0.8677,0.86865,0.8677,0.86832
2023-05-23 00:00:00+00:00,0.86833,0.87033,0.86797,0.86928
2023-05-24 00:00:00+00:00,0.86926,0.87174,0.86628,0.8672
2023-05-25 00:00:00+00:00,0.86721,0.87083,0.86475,0.86935
2023-05-26 00:00:00+00:00,0.86935,0.87059,0.86635,0.87055
2023-05-27 00:00:00+00:00,0.87054,0.87085,0.86754,0.86858
2023-05-29 00:00:00+00:00,0.86808,0.86857,0.86798,0.86831
2023-05-30 00:00:00+00:00,0.8683,0.86935,0.86524,0.86696
2023-05-31 00:00:00+00:00,0.86697,0.86717,0.86269,0.86445
2023-06-01 00:00:00+00:00,0.86445,0.8647,0.85822,0.8591
2023-06-02 00:00:00+00:00,0.8591,0.8603,0.8566,0.85888
2023-06-03 00:00:00+00:00,0.85889,0.86041,0.85714,0.85991
2023-06-05 00:00:00+00:00,0.8581,0.86058,0.8581,0.86041
2023-06-06 00:00:00+00:00,0.86042,0.86348,0.85994,0.86141
2023-06-07 00:00:00+00:00,0.86143,0.86232,0.85962,0.86059
2023-06-08 00:00:00+00:00,0.86061,0.86116,0.85823,0.86021
2023-06-09 00:00:00+00:00,0.86021,0.86124,0.85746,0.85841
2023-06-10 00:00:00+00:00,0.85843,0.85892,0.85401,0.85414
2023-06-12 00:00:00+00:00,0.85398,0.85445,0.85398,0.85439
2023-06-13 00:00:00+00:00,0.85438,0.86055,0.85395,0.8598
2023-06-14 00:00:00+00:00,0.85981,0.86116,0.85506,0.85571
2023-06-15 00:00:00+00:00,0.85573,0.85591,0.85396,0.85558
2023-06-16 00:00:00+00:00,0.85557,0.85902,0.85423,0.85599
2023-06-17 00:00:00+00:00,0.856,0.85645,0.85201,0.85279
2023-06-19 00:00:00+00:00,0.85259,0.85284,0.85246,0.85247
2023-06-20 00:00:00+00:00,0.85248,0.85466,0.85171,0.85371
2023-06-21 00:00:00+00:00,0.8537,0.85797,0.85262,0.85528
2023-06-22 00:00:00+00:00,0.85527,0.86073,0.85229,0.86054
2023-06-23 00:00:00+00:00,0.86055,0.86345,0.85637,0.85932
2023-06-24 00:00:00+00:00,0.85933,0.86068,0.85344,0.85616
2023-06-26 00:00:00+00:00,0.85702,0.85715,0.8559,0.85664
2023-06-27 00:00:00+00:00,0.85664,0.85934,0.85414,0.85816
2023-06-28 00:00:00+00:00,0.85815,0.86121,0.85664,0.85956
2023-06-29 00:00:00+00:00,0.85956,0.86569,0.85929,0.86329
2023-06-30 00:00:00+00:00,0.86329,0.86418,0.8609,0.86144
2023-07-01 00:00:00+00:00,0.86144,0.86159,0.85748,0.85923
2023-07-03 00:00:00+00:00,0.85882,0.85914,0.85862,0.85911
2023-07-04 00:00:00+00:00,0.85911,0.86041,0.85793,0.85962
2023-07-05 00:00:00+00:00,0.85963,0.85967,0.8549,0.85555
2023-07-06 00:00:00+00:00,0.85556,0.85747,0.85373,0.8543
2023-07-07 00:00:00+00:00,0.85431,0.85628,0.85193,0.85451
2023-07-08 00:00:00+00:00,0.8545,0.85526,0.85184,0.85459
2023-07-10 00:00:00+00:00,0.85412,0.85426,0.85399,0.85414
2023-07-11 00:00:00+00:00,0.85414,0.85828,0.85409,0.85538
2023-07-12 00:00:00+00:00,0.85538,0.856,0.85025,0.85141
2023-07-13 00:00:00+00:00,0.85141,0.85741,0.85044,0.8571
2023-07-14 00:00:00+00:00,0.85711,0.85737,0.85309,0.85477
2023-07-15 00:00:00+00:00,0.85477,0.85731,0.8546,0.85722
2023-07-17 00:00:00+00:00,0.85743,0.85766,0.85708,0.85761
2023-07-18 00:00:00+00:00,0.8576,0.85972,0.85703,0.85954
2023-07-19 00:00:00+00:00,0.85954,0.86138,0.85756,0.86135
2023-07-20 00:00:00+00:00,0.86135,0.86997,0.86116,0.86596
2023-07-21 00:00:00+00:00,0.86596,0.86973,0.86468,0.86483
2023-07-22 00:00:00+00:00,0.86483,0.86785,0.86329,0.86524
2023-07-24 00:00:00+00:00,0.86538,0.86581,0.86512,0.86541
2023-07-25 00:00:00+00:00,0.86541,0.86545,0.8618,0.86335
2023-07-26 00:00:00+00:00,0.86335,0.86357,0.85637,0.85689
2023-07-27 00:00:00+00:00,0.85689,0.85852,0.8558,0.85683
2023-07-28 00:00:00+00:00,0.85683,0.85982,0.85429,0.85797
2023-07-29 00:00:00+00:00,0.85796,0.85884,0.85484,0.85724
2023-07-31 00:00:00+00:00,0.85617,0.85777,0.85617,0.85749
2023-08-01 00:00:00+00:00,0.85749,0.85897,0.85551,0.85685
2023-08-02 00:00:00+00:00,0.85685,0.86094,0.85491,0.86018
2023-08-03 00:00:00+00:00,0.86017,0.86277,0.85831,0.86027
2023-08-04 00:00:00+00:00,0.86027,0.86539,0.85952,0.86108
2023-08-05 00:00:00+00:00,0.86107,0.86467,0.85998,0.86364
2023-08-07 00:00:00+00:00,0.86258,0.86349,0.86205,0.86288
2023-08-08 00:00:00+00:00,0.86287,0.86351,0.86013,0.8607
2023-08-09 00:00:00+00:00,0.8607,0.86243,0.85852,0.85982
2023-08-10 00:00:00+00:00,0.85982,0.86336,0.85882,0.86287
2023-08-11 00:00:00+00:00,0.86287,0.86664,0.86228,0.86659
2023-08-12 00:00:00+00:00,0.86659,0.86676,0.86183,0.86186
2023-08-14 00:00:00+00:00,0.86207,0.86223,0.86178,0.86192
2023-08-15 00:00:00+00:00,0.86192,0.86312,0.8584,0.8597
2023-08-16 00:00:00+00:00,0.85971,0.86084,0.85725,0.85841
2023-08-17 00:00:00+00:00,0.8584,0.85917,0.85222,0.85425
2023-08-18 00:00:00+00:00,0.85429,0.85557,0.85213,0.85291
2023-08-19 00:00:00+00:00,0.85289,0.85564,0.85268,0.85349
2023-08-21 00:00:00+00:00,0.8539,0.8539,0.85329,0.85338
2023-08-22 00:00:00+00:00,0.85339,0.85617,0.85319,0.85391
2023-08-23 00:00:00+00:00,0.85392,0.85441,0.85099,0.85183
2023-08-24 00:00:00+00:00,0.85184,0.85644,0.84912,0.8541
2023-08-25 00:00:00+00:00,0.8541,0.85811,0.8537,0.85746
2023-08-26 00:00:00+00:00,0.85746,0.85842,0.85589,0.85804
2023-08-28 00:00:00+00:00,0.8575,0.85814,0.85748,0.85749
2023-08-29 00:00:00+00:00,0.85752,0.85976,0.85715,0.85828
2023-08-30 00:00:00+00:00,0.8583,0.86089,0.85642,0.86005
2023-08-31 00:00:00+00:00,0.86005,0.86094,0.85771,0.85967
2023-09-01 00:00:00+00:00,0.85968,0.85969,0.85453,0.85557
2023-09-02 00:00:00+00:00,0.85557,0.8572,0.85413,0.85594
2023-09-04 00:00:00+00:00,0.85552,0.85586,0.85541,0.85569
2023-09-05 00:00:00+00:00,0.85569,0.85587,0.85424,0.8548
2023-09-06 00:00:00+00:00,0.8548,0.85757,0.85225,0.85308
2023-09-07 00:00:00+00:00,0.85311,0.85794,0.85273,0.85787
2023-09-08 00:00:00+00:00,0.85788,0.86003,0.85705,0.85735
2023-09-09 00:00:00+00:00,0.85735,0.85914,0.85675,0.85885
2023-09-11 00:00:00+00:00,0.85844,0.85872,0.85794,0.85797
2023-09-12 00:00:00+00:00,0.85798,0.85924,0.85567,0.85914
2023-09-13 00:00:00+00:00,0.85914,0.86111,0.85686,0.86072
2023-09-14 00:00:00+00:00,0.86074,0.86293,0.85809,0.8592
2023-09-15 00:00:00+00:00,0.85921,0.8614,0.85708,0.85747
2023-09-16 00:00:00+00:00,0.85749,0.86146,0.8568,0.86062
2023-09-18 00:00:00+00:00,0.86064,0.86088,0.86037,0.86037
2023-09-19 00:00:00+00:00,0.86037,0.86346,0.85976,0.8633
2023-09-20 00:00:00+00:00,0.8633,0.86353,0.86096,0.86173
2023-09-21 00:00:00+00:00,0.86175,0.86585,0.86164,0.86381
2023-09-22 00:00:00+00:00,0.86382,0.86939,0.86259,0.86708
2023-09-23 00:00:00+00:00,0.86708,0.86989,0.86593,0.86955
2023-09-25 00:00:00+00:00,0.86925,0.86988,0.86925,0.86975
2023-09-26 00:00:00+00:00,0.86975,0.87012,0.86674,0.86711
2023-09-27 00:00:00+00:00,0.86711,0.87048,0.86665,0.87004
2023-09-28 00:00:00+00:00,0.87002,0.87012,0.86401,0.86552
2023-09-29 00:00:00+00:00,0.86553,0.86598,0.86247,0.86531
2023-09-30 00:00:00+00:00,0.86533,0.86792,0.86409,0.86647
2023-10-02 00:00:00+00:00,0.86624,0.86706,0.86579,0.86626
2023-10-03 00:00:00+00:00,0.86627,0.86738,0.86518,0.86668
2023-10-04 00:00:00+00:00,0.86668,0.86899,0.86557,0.86665
2023-10-05 00:00:00+00:00,0.86665,0.86812,0.86385,0.86555
2023-10-06 00:00:00+00:00,0.86554,0.8673,0.8643,0.8652
2023-10-07 00:00:00+00:00,0.86521,0.86619,0.86316,0.86486
2023-10-09 00:00:00+00:00,0.86473,0.86508,0.8642,0.86455
2023-10-10 00:00:00+00:00,0.86456,0.86568,0.86225,0.86344
2023-10-11 00:00:00+00:00,0.86346,0.8654,0.86182,0.86274
2023-10-12 00:00:00+00:00,0.86275,0.86414,0.86145,0.86246
2023-10-13 00:00:00+00:00,0.86246,0.86506,0.86199,0.86468
2023-10-14 00:00:00+00:00,0.86468,0.86634,0.86323,0.86591
2023-10-16 00:00:00+00:00,0.86579,0.86596,0.86492,0.86553
2023-10-17 00:00:00+00:00,0.86554,0.86704,0.86393,0.86414
2023-10-18 00:00:00+00:00,0.86415,0.86894,0.86415,0.86803
2023-10-19 00:00:00+00:00,0.86803,0.86871,0.86592,0.8678
2023-10-20 00:00:00+00:00,0.8678,0.87235,0.86762,0.87223
2023-10-21 00:00:00+00:00,0.87224,0.87393,0.87068,0.87089
2023-10-23 00:00:00+00:00,0.87098,0.87102,0.87047,0.87047
2023-10-24 00:00:00+00:00,0.87048,0.87247,0.8697,0.87092
2023-10-25 00:00:00+00:00,0.87092,0.87121,0.86817,0.871
2023-10-26 00:00:00+00:00,0.871,0.87323,0.8703,0.87295
2023-10-27 00:00:00+00:00,0.87296,0.87332,0.869,0.87031
2023-10-28 00:00:00+00:00,0.87034,0.87255,0.86942,0.872
2023-10-30 00:00:00+00:00,0.86933,0.87192,0.86933,0.87183
2023-10-31 00:00:00+00:00,0.87182,0.87396,0.87061,0.87244
2023-11-01 00:00:00+00:00,0.87245,0.87528,0.86948,0.87049
2023-11-02 00:00:00+00:00,0.87049,0.87111,0.868,0.86894
2023-11-03 00:00:00+00:00,0.86896,0.87346,0.86882,0.87075
2023-11-04 00:00:00+00:00,0.87077,0.87202,0.86646,0.86662
2023-11-06 00:00:00+00:00,0.8664,0.86726,0.86593,0.86724
2023-11-07 00:00:00+00:00,0.86724,0.86852,0.86485,0.86818
2023-11-08 00:00:00+00:00,0.86818,0.87029,0.86761,0.87008
2023-11-09 00:00:00+00:00,0.87008,0.87183,0.86949,0.87174
2023-11-10 00:00:00+00:00,0.87175,0.87304,0.86918,0.87304
2023-11-11 00:00:00+00:00,0.87304,0.8754,0.87135,0.87384
2023-11-13 00:00:00+00:00,0.87303,0.87413,0.87299,0.87402
2023-11-14 00:00:00+00:00,0.87403,0.87403,0.87063,0.87131
2023-11-15 00:00:00+00:00,0.87131,0.87298,0.86877,0.87054
2023-11-16 00:00:00+00:00,0.87056,0.87101,0.87049,0.87065
